0x0, 0x1
0x1, 0x2
0x2, 0x3
0x3, 0x4
0x4, 0x5
0x5, 0x6
0x6, 0x7
0x7, 0x8
0x8, 0x9
0x9, 0x10
0xa, 0x11
0xb, 0x12
0xc, 0x13
0xd, 0x14
0xe, 0x15
0xf, 0x16
0x10, 0x17
0x11, 0x18
0x12, 0x19
0x13, 0x20
0x14, 0x21
0x15, 0x22
0x16, 0x23
0x17, 0x24
0x18, 0x25
0x19, 0x26
0x1a, 0x27
0x1b, 0x28
0x1c, 0x29
0x1d, 0x30
0x1e, 0x31
0x1f, 0x32
0x20, 0x33
0x21, 0x34
0x22, 0x35
0x23, 0x36
0x24, 0x37
0x25, 0x38
0x26, 0x39
0x27, 0x40
0x28, 0x41
0x29, 0x42
0x2a, 0x43
0x2b, 0x44
0x2c, 0x45
0x2d, 0x46
0x2e, 0x47
0x2f, 0x48
0x30, 0x49
0x31, 0x50
0x32, 0x51
0x33, 0x52
0x34, 0x53
0x35, 0x54
0x36, 0x55
0x37, 0x56
0x38, 0x57
0x39, 0x58
0x3a, 0x59
0x3b, 0x60
0x3c, 0x61
0x3d, 0x62
0x3e, 0x63
0x3f, 0x64
0x40, 0x65
0x41, 0x66
0x42, 0x67
0x43, 0x68
0x44, 0x69
0x45, 0x70
0x46, 0x71
0x47, 0x72
0x48, 0x73
0x49, 0x74
0x4a, 0x75
0x4b, 0x76
0x4c, 0x77
0x4d, 0x78
0x4e, 0x79
0x4f, 0x80
0x50, 0x81
0x51, 0x82
0x52, 0x83
0x53, 0x84
0x54, 0x85
0x55, 0x86
0x56, 0x87
0x57, 0x88
0x58, 0x89
0x59, 0x90
0x5a, 0x91
0x5b, 0x92
0x5c, 0x93
0x5d, 0x94
0x5e, 0x95
0x5f, 0x96
0x60, 0x97
0x61, 0x98
0x62, 0x99
0x63, 0x100
0x64, 0x101
0x65, 0x102
0x66, 0x103
0x67, 0x104
0x68, 0x105
0x69, 0x106
0x6a, 0x107
0x6b, 0x108
0x6c, 0x109
0x6d, 0x110
0x6e, 0x111
0x6f, 0x112
0x70, 0x113
0x71, 0x114
0x72, 0x115
0x73, 0x116
0x74, 0x117
0x75, 0x118
0x76, 0x119
0x77, 0x120
0x78, 0x121
0x79, 0x122
0x7a, 0x123
0x7b, 0x124
0x7c, 0x125
0x7d, 0x126
0x7e, 0x127
0x7f, 0x128
0x80, 0x129
0x81, 0x130
0x82, 0x131
0x83, 0x132
0x84, 0x133
0x85, 0x134
0x86, 0x135
0x87, 0x136
0x88, 0x137
0x89, 0x138
0x8a, 0x139
0x8b, 0x140
0x8c, 0x141
0x8d, 0x142
0x8e, 0x143
0x8f, 0x144
0x90, 0x145
0x91, 0x146
0x92, 0x147
0x93, 0x148
0x94, 0x149
0x95, 0x150
0x96, 0x151
0x97, 0x152
0x98, 0x153
0x99, 0x154
0x9a, 0x155
0x9b, 0x156
0x9c, 0x157
0x9d, 0x158
0x9e, 0x159
0x9f, 0x160
0xa0, 0x161
0xa1, 0x162
0xa2, 0x163
0xa3, 0x164
0xa4, 0x165
0xa5, 0x166
0xa6, 0x167
0xa7, 0x168
0xa8, 0x169
0xa9, 0x170
0xaa, 0x171
0xab, 0x172
0xac, 0x173
0xad, 0x174
0xae, 0x175
0xaf, 0x176
0xb0, 0x177
0xb1, 0x178
0xb2, 0x179
0xb3, 0x180
0xb4, 0x181
0xb5, 0x182
0xb6, 0x183
0xb7, 0x184
0xb8, 0x185
0xb9, 0x186
0xba, 0x187
0xbb, 0x188
0xbc, 0x189
0xbd, 0x190
0xbe, 0x191
0xbf, 0x192
0xc0, 0x193
0xc1, 0x194
0xc2, 0x195
0xc3, 0x196
0xc4, 0x197
0xc5, 0x198
0xc6, 0x199
0xc7, 0x200
0xc8, 0x201
0xc9, 0x202
0xca, 0x203
0xcb, 0x204
0xcc, 0x205
0xcd, 0x206
0xce, 0x207
0xcf, 0x208
0xd0, 0x209
0xd1, 0x210
0xd2, 0x211
0xd3, 0x212
0xd4, 0x213
0xd5, 0x214
0xd6, 0x215
0xd7, 0x216
0xd8, 0x217
0xd9, 0x218
0xda, 0x219
0xdb, 0x220
0xdc, 0x221
0xdd, 0x222
0xde, 0x223
0xdf, 0x224
0xe0, 0x225
0xe1, 0x226
0xe2, 0x227
0xe3, 0x228
0xe4, 0x229
0xe5, 0x230
0xe6, 0x231
0xe7, 0x232
0xe8, 0x233
0xe9, 0x234
0xea, 0x235
0xeb, 0x236
0xec, 0x237
0xed, 0x238
0xee, 0x239
0xef, 0x240
0xf0, 0x241
0xf1, 0x242
0xf2, 0x243
0xf3, 0x244
0xf4, 0x245
0xf5, 0x246
0xf6, 0x247
0xf7, 0x248
0xf8, 0x249
0xf9, 0x250
0xfa, 0x251
0xfb, 0x252
0xfc, 0x253
0xfd, 0x254
0xfe, 0x255
0xff, 0x256
0x100, 0x257
0x101, 0x258
0x102, 0x259
0x103, 0x260
0x104, 0x261
0x105, 0x262
0x106, 0x263
0x107, 0x264
0x108, 0x265
0x109, 0x266
0x10a, 0x267
0x10b, 0x268
0x10c, 0x269
0x10d, 0x270
0x10e, 0x271
0x10f, 0x272
0x110, 0x273
0x111, 0x274
0x112, 0x275
0x113, 0x276
0x114, 0x277
0x115, 0x278
0x116, 0x279
0x117, 0x280
0x118, 0x281
0x119, 0x282
0x11a, 0x283
0x11b, 0x284
0x11c, 0x285
0x11d, 0x286
0x11e, 0x287
0x11f, 0x288
0x120, 0x289
0x121, 0x290
0x122, 0x291
0x123, 0x292
0x124, 0x293
0x125, 0x294
0x126, 0x295
0x127, 0x296
0x128, 0x297
0x129, 0x298
0x12a, 0x299
0x12b, 0x300
0x12c, 0x301
0x12d, 0x302
0x12e, 0x303
0x12f, 0x304
0x130, 0x305
0x131, 0x306
0x132, 0x307
0x133, 0x308
0x134, 0x309
0x135, 0x310
0x136, 0x311
0x137, 0x312
0x138, 0x313
0x139, 0x314
0x13a, 0x315
0x13b, 0x316
0x13c, 0x317
0x13d, 0x318
0x13e, 0x319
0x13f, 0x320
0x140, 0x321
0x141, 0x322
0x142, 0x323
0x143, 0x324
0x144, 0x325
0x145, 0x326
0x146, 0x327
0x147, 0x328
0x148, 0x329
0x149, 0x330
0x14a, 0x331
0x14b, 0x332
0x14c, 0x333
0x14d, 0x334
0x14e, 0x335
0x14f, 0x336
0x150, 0x337
0x151, 0x338
0x152, 0x339
0x153, 0x340
0x154, 0x341
0x155, 0x342
0x156, 0x343
0x157, 0x344
0x158, 0x345
0x159, 0x346
0x15a, 0x347
0x15b, 0x348
0x15c, 0x349
0x15d, 0x350
0x15e, 0x351
0x15f, 0x352
0x160, 0x353
0x161, 0x354
0x162, 0x355
0x163, 0x356
0x164, 0x357
0x165, 0x358
0x166, 0x359
0x167, 0x360
0x168, 0x361
0x169, 0x362
0x16a, 0x363
0x16b, 0x364
0x16c, 0x365
0x16d, 0x366
0x16e, 0x367
0x16f, 0x368
0x170, 0x369
0x171, 0x370
0x172, 0x371
0x173, 0x372
0x174, 0x373
0x175, 0x374
0x176, 0x375
0x177, 0x376
0x178, 0x377
0x179, 0x378
0x17a, 0x379
0x17b, 0x380
0x17c, 0x381
0x17d, 0x382
0x17e, 0x383
0x17f, 0x384
0x180, 0x385
0x181, 0x386
0x182, 0x387
0x183, 0x388
0x184, 0x389
0x185, 0x390
0x186, 0x391
0x187, 0x392
0x188, 0x393
0x189, 0x394
0x18a, 0x395
0x18b, 0x396
0x18c, 0x397
0x18d, 0x398
0x18e, 0x399
0x18f, 0x400
0x190, 0x401
0x191, 0x402
0x192, 0x403
0x193, 0x404
0x194, 0x405
0x195, 0x406
0x196, 0x407
0x197, 0x408
0x198, 0x409
0x199, 0x410
0x19a, 0x411
0x19b, 0x412
0x19c, 0x413
0x19d, 0x414
0x19e, 0x415
0x19f, 0x416
0x1a0, 0x417
0x1a1, 0x418
0x1a2, 0x419
0x1a3, 0x420
0x1a4, 0x421
0x1a5, 0x422
0x1a6, 0x423
0x1a7, 0x424
0x1a8, 0x425
0x1a9, 0x426
0x1aa, 0x427
0x1ab, 0x428
0x1ac, 0x429
0x1ad, 0x430
0x1ae, 0x431
0x1af, 0x432
0x1b0, 0x433
0x1b1, 0x434
0x1b2, 0x435
0x1b3, 0x436
0x1b4, 0x437
0x1b5, 0x438
0x1b6, 0x439
0x1b7, 0x440
0x1b8, 0x441
0x1b9, 0x442
0x1ba, 0x443
0x1bb, 0x444
0x1bc, 0x445
0x1bd, 0x446
0x1be, 0x447
0x1bf, 0x448
0x1c0, 0x449
0x1c1, 0x450
0x1c2, 0x451
0x1c3, 0x452
0x1c4, 0x453
0x1c5, 0x454
0x1c6, 0x455
0x1c7, 0x456
0x1c8, 0x457
0x1c9, 0x458
0x1ca, 0x459
0x1cb, 0x460
0x1cc, 0x461
0x1cd, 0x462
0x1ce, 0x463
0x1cf, 0x464
0x1d0, 0x465
0x1d1, 0x466
0x1d2, 0x467
0x1d3, 0x468
0x1d4, 0x469
0x1d5, 0x470
0x1d6, 0x471
0x1d7, 0x472
0x1d8, 0x473
0x1d9, 0x474
0x1da, 0x475
0x1db, 0x476
0x1dc, 0x477
0x1dd, 0x478
0x1de, 0x479
0x1df, 0x480
0x1e0, 0x481
0x1e1, 0x482
0x1e2, 0x483
0x1e3, 0x484
0x1e4, 0x485
0x1e5, 0x486
0x1e6, 0x487
0x1e7, 0x488
0x1e8, 0x489
0x1e9, 0x490
0x1ea, 0x491
0x1eb, 0x492
0x1ec, 0x493
0x1ed, 0x494
0x1ee, 0x495
0x1ef, 0x496
0x1f0, 0x497
0x1f1, 0x498
0x1f2, 0x499
0x1f3, 0x500
0x1f4, 0x501
0x1f5, 0x502
0x1f6, 0x503
0x1f7, 0x504
0x1f8, 0x505
0x1f9, 0x506
0x1fa, 0x507
0x1fb, 0x508
0x1fc, 0x509
0x1fd, 0x510
0x1fe, 0x511
0x1ff, 0x512
0x200, 0x513
0x201, 0x514
0x202, 0x515
0x203, 0x516
0x204, 0x517
0x205, 0x518
0x206, 0x519
0x207, 0x520
0x208, 0x521
0x209, 0x522
0x20a, 0x523
0x20b, 0x524
0x20c, 0x525
0x20d, 0x526
0x20e, 0x527
0x20f, 0x528
0x210, 0x529
0x211, 0x530
0x212, 0x531
0x213, 0x532
0x214, 0x533
0x215, 0x534
0x216, 0x535
0x217, 0x536
0x218, 0x537
0x219, 0x538
0x21a, 0x539
0x21b, 0x540
0x21c, 0x541
0x21d, 0x542
0x21e, 0x543
0x21f, 0x544
0x220, 0x545
0x221, 0x546
0x222, 0x547
0x223, 0x548
0x224, 0x549
0x225, 0x550
0x226, 0x551
0x227, 0x552
0x228, 0x553
0x229, 0x554
0x22a, 0x555
0x22b, 0x556
0x22c, 0x557
0x22d, 0x558
0x22e, 0x559
0x22f, 0x560
0x230, 0x561
0x231, 0x562
0x232, 0x563
0x233, 0x564
0x234, 0x565
0x235, 0x566
0x236, 0x567
0x237, 0x568
0x238, 0x569
0x239, 0x570
0x23a, 0x571
0x23b, 0x572
0x23c, 0x573
0x23d, 0x574
0x23e, 0x575
0x23f, 0x576
0x240, 0x577
0x241, 0x578
0x242, 0x579
0x243, 0x580
0x244, 0x581
0x245, 0x582
0x246, 0x583
0x247, 0x584
0x248, 0x585
0x249, 0x586
0x24a, 0x587
0x24b, 0x588
0x24c, 0x589
0x24d, 0x590
0x24e, 0x591
0x24f, 0x592
0x250, 0x593
0x251, 0x594
0x252, 0x595
0x253, 0x596
0x254, 0x597
0x255, 0x598
0x256, 0x599
0x257, 0x600
0x258, 0x601
0x259, 0x602
0x25a, 0x603
0x25b, 0x604
0x25c, 0x605
0x25d, 0x606
0x25e, 0x607
0x25f, 0x608
0x260, 0x609
0x261, 0x610
0x262, 0x611
0x263, 0x612
0x264, 0x613
0x265, 0x614
0x266, 0x615
0x267, 0x616
0x268, 0x617
0x269, 0x618
0x26a, 0x619
0x26b, 0x620
0x26c, 0x621
0x26d, 0x622
0x26e, 0x623
0x26f, 0x624
0x270, 0x625
0x271, 0x626
0x272, 0x627
0x273, 0x628
0x274, 0x629
0x275, 0x630
0x276, 0x631
0x277, 0x632
0x278, 0x633
0x279, 0x634
0x27a, 0x635
0x27b, 0x636
0x27c, 0x637
0x27d, 0x638
0x27e, 0x639
0x27f, 0x640
0x280, 0x641
0x281, 0x642
0x282, 0x643
0x283, 0x644
0x284, 0x645
0x285, 0x646
0x286, 0x647
0x287, 0x648
0x288, 0x649
0x289, 0x650
0x28a, 0x651
0x28b, 0x652
0x28c, 0x653
0x28d, 0x654
0x28e, 0x655
0x28f, 0x656
0x290, 0x657
0x291, 0x658
0x292, 0x659
0x293, 0x660
0x294, 0x661
0x295, 0x662
0x296, 0x663
0x297, 0x664
0x298, 0x665
0x299, 0x666
0x29a, 0x667
0x29b, 0x668
0x29c, 0x669
0x29d, 0x670
0x29e, 0x671
0x29f, 0x672
0x2a0, 0x673
0x2a1, 0x674
0x2a2, 0x675
0x2a3, 0x676
0x2a4, 0x677
0x2a5, 0x678
0x2a6, 0x679
0x2a7, 0x680
0x2a8, 0x681
0x2a9, 0x682
0x2aa, 0x683
0x2ab, 0x684
0x2ac, 0x685
0x2ad, 0x686
0x2ae, 0x687
0x2af, 0x688
0x2b0, 0x689
0x2b1, 0x690
0x2b2, 0x691
0x2b3, 0x692
0x2b4, 0x693
0x2b5, 0x694
0x2b6, 0x695
0x2b7, 0x696
0x2b8, 0x697
0x2b9, 0x698
0x2ba, 0x699
0x2bb, 0x700
0x2bc, 0x701
0x2bd, 0x702
0x2be, 0x703
0x2bf, 0x704
0x2c0, 0x705
0x2c1, 0x706
0x2c2, 0x707
0x2c3, 0x708
0x2c4, 0x709
0x2c5, 0x710
0x2c6, 0x711
0x2c7, 0x712
0x2c8, 0x713
0x2c9, 0x714
0x2ca, 0x715
0x2cb, 0x716
0x2cc, 0x717
0x2cd, 0x718
0x2ce, 0x719
0x2cf, 0x720
0x2d0, 0x721
0x2d1, 0x722
0x2d2, 0x723
0x2d3, 0x724
0x2d4, 0x725
0x2d5, 0x726
0x2d6, 0x727
0x2d7, 0x728
0x2d8, 0x729
0x2d9, 0x730
0x2da, 0x731
0x2db, 0x732
0x2dc, 0x733
0x2dd, 0x734
0x2de, 0x735
0x2df, 0x736
0x2e0, 0x737
0x2e1, 0x738
0x2e2, 0x739
0x2e3, 0x740
0x2e4, 0x741
0x2e5, 0x742
0x2e6, 0x743
0x2e7, 0x744
0x2e8, 0x745
0x2e9, 0x746
0x2ea, 0x747
0x2eb, 0x748
0x2ec, 0x749
0x2ed, 0x750
0x2ee, 0x751
0x2ef, 0x752
0x2f0, 0x753
0x2f1, 0x754
0x2f2, 0x755
0x2f3, 0x756
0x2f4, 0x757
0x2f5, 0x758
0x2f6, 0x759
0x2f7, 0x760
0x2f8, 0x761
0x2f9, 0x762
0x2fa, 0x763
0x2fb, 0x764
0x2fc, 0x765
0x2fd, 0x766
0x2fe, 0x767
0x2ff, 0x768
0x300, 0x769
0x301, 0x770
0x302, 0x771
0x303, 0x772
0x304, 0x773
0x305, 0x774
0x306, 0x775
0x307, 0x776
0x308, 0x777
0x309, 0x778
0x30a, 0x779
0x30b, 0x780
0x30c, 0x781
0x30d, 0x782
0x30e, 0x783
0x30f, 0x784
0x310, 0x785
0x311, 0x786
0x312, 0x787
0x313, 0x788
0x314, 0x789
0x315, 0x790
0x316, 0x791
0x317, 0x792
0x318, 0x793
0x319, 0x794
0x31a, 0x795
0x31b, 0x796
0x31c, 0x797
0x31d, 0x798
0x31e, 0x799
0x31f, 0x800
0x320, 0x801
0x321, 0x802
0x322, 0x803
0x323, 0x804
0x324, 0x805
0x325, 0x806
0x326, 0x807
0x327, 0x808
0x328, 0x809
0x329, 0x810
0x32a, 0x811
0x32b, 0x812
0x32c, 0x813
0x32d, 0x814
0x32e, 0x815
0x32f, 0x816
0x330, 0x817
0x331, 0x818
0x332, 0x819
0x333, 0x820
0x334, 0x821
0x335, 0x822
0x336, 0x823
0x337, 0x824
0x338, 0x825
0x339, 0x826
0x33a, 0x827
0x33b, 0x828
0x33c, 0x829
0x33d, 0x830
0x33e, 0x831
0x33f, 0x832
0x340, 0x833
0x341, 0x834
0x342, 0x835
0x343, 0x836
0x344, 0x837
0x345, 0x838
0x346, 0x839
0x347, 0x840
0x348, 0x841
0x349, 0x842
0x34a, 0x843
0x34b, 0x844
0x34c, 0x845
0x34d, 0x846
0x34e, 0x847
0x34f, 0x848
0x350, 0x849
0x351, 0x850
0x352, 0x851
0x353, 0x852
0x354, 0x853
0x355, 0x854
0x356, 0x855
0x357, 0x856
0x358, 0x857
0x359, 0x858
0x35a, 0x859
0x35b, 0x860
0x35c, 0x861
0x35d, 0x862
0x35e, 0x863
0x35f, 0x864
0x360, 0x865
0x361, 0x866
0x362, 0x867
0x363, 0x868
0x364, 0x869
0x365, 0x870
0x366, 0x871
0x367, 0x872
0x368, 0x873
0x369, 0x874
0x36a, 0x875
0x36b, 0x876
0x36c, 0x877
0x36d, 0x878
0x36e, 0x879
0x36f, 0x880
0x370, 0x881
0x371, 0x882
0x372, 0x883
0x373, 0x884
0x374, 0x885
0x375, 0x886
0x376, 0x887
0x377, 0x888
0x378, 0x889
0x379, 0x890
0x37a, 0x891
0x37b, 0x892
0x37c, 0x893
0x37d, 0x894
0x37e, 0x895
0x37f, 0x896
0x380, 0x897
0x381, 0x898
0x382, 0x899
0x383, 0x900
0x384, 0x901
0x385, 0x902
0x386, 0x903
0x387, 0x904
0x388, 0x905
0x389, 0x906
0x38a, 0x907
0x38b, 0x908
0x38c, 0x909
0x38d, 0x910
0x38e, 0x911
0x38f, 0x912
0x390, 0x913
0x391, 0x914
0x392, 0x915
0x393, 0x916
0x394, 0x917
0x395, 0x918
0x396, 0x919
0x397, 0x920
0x398, 0x921
0x399, 0x922
0x39a, 0x923
0x39b, 0x924
0x39c, 0x925
0x39d, 0x926
0x39e, 0x927
0x39f, 0x928
0x3a0, 0x929
0x3a1, 0x930
0x3a2, 0x931
0x3a3, 0x932
0x3a4, 0x933
0x3a5, 0x934
0x3a6, 0x935
0x3a7, 0x936
0x3a8, 0x937
0x3a9, 0x938
0x3aa, 0x939
0x3ab, 0x940
0x3ac, 0x941
0x3ad, 0x942
0x3ae, 0x943
0x3af, 0x944
0x3b0, 0x945
0x3b1, 0x946
0x3b2, 0x947
0x3b3, 0x948
0x3b4, 0x949
0x3b5, 0x950
0x3b6, 0x951
0x3b7, 0x952
0x3b8, 0x953
0x3b9, 0x954
0x3ba, 0x955
0x3bb, 0x956
0x3bc, 0x957
0x3bd, 0x958
0x3be, 0x959
0x3bf, 0x960
0x3c0, 0x961
0x3c1, 0x962
0x3c2, 0x963
0x3c3, 0x964
0x3c4, 0x965
0x3c5, 0x966
0x3c6, 0x967
0x3c7, 0x968
0x3c8, 0x969
0x3c9, 0x970
0x3ca, 0x971
0x3cb, 0x972
0x3cc, 0x973
0x3cd, 0x974
0x3ce, 0x975
0x3cf, 0x976
0x3d0, 0x977
0x3d1, 0x978
0x3d2, 0x979
0x3d3, 0x980
0x3d4, 0x981
0x3d5, 0x982
0x3d6, 0x983
0x3d7, 0x984
0x3d8, 0x985
0x3d9, 0x986
0x3da, 0x987
0x3db, 0x988
0x3dc, 0x989
0x3dd, 0x990
0x3de, 0x991
0x3df, 0x992
0x3e0, 0x993
0x3e1, 0x994
0x3e2, 0x995
0x3e3, 0x996
0x3e4, 0x997
0x3e5, 0x998
0x3e6, 0x999
0x3e7, 0x1000
0x3e8, 0x1001
0x3e9, 0x1002
0x3ea, 0x1003
0x3eb, 0x1004
0x3ec, 0x1005
0x3ed, 0x1006
0x3ee, 0x1007
0x3ef, 0x1008
0x3f0, 0x1009
0x3f1, 0x1010
0x3f2, 0x1011
0x3f3, 0x1012
0x3f4, 0x1013
0x3f5, 0x1014
0x3f6, 0x1015
0x3f7, 0x1016
0x3f8, 0x1017
0x3f9, 0x1018
0x3fa, 0x1019
0x3fb, 0x1020
0x3fc, 0x1021
0x3fd, 0x1022
0x3fe, 0x1023
0x3ff, 0x1024
0x400, 0x1025
0x401, 0x1026
0x402, 0x1027
0x403, 0x1028
0x404, 0x1029
0x405, 0x1030
0x406, 0x1031
0x407, 0x1032
0x408, 0x1033
0x409, 0x1034
0x40a, 0x1035
0x40b, 0x1036
0x40c, 0x1037
0x40d, 0x1038
0x40e, 0x1039
0x40f, 0x1040
0x410, 0x1041
0x411, 0x1042
0x412, 0x1043
0x413, 0x1044
0x414, 0x1045
0x415, 0x1046
0x416, 0x1047
0x417, 0x1048
0x418, 0x1049
0x419, 0x1050
0x41a, 0x1051
0x41b, 0x1052
0x41c, 0x1053
0x41d, 0x1054
0x41e, 0x1055
0x41f, 0x1056
0x420, 0x1057
0x421, 0x1058
0x422, 0x1059
0x423, 0x1060
0x424, 0x1061
0x425, 0x1062
0x426, 0x1063
0x427, 0x1064
0x428, 0x1065
0x429, 0x1066
0x42a, 0x1067
0x42b, 0x1068
0x42c, 0x1069
0x42d, 0x1070
0x42e, 0x1071
0x42f, 0x1072
0x430, 0x1073
0x431, 0x1074
0x432, 0x1075
0x433, 0x1076
0x434, 0x1077
0x435, 0x1078
0x436, 0x1079
0x437, 0x1080
0x438, 0x1081
0x439, 0x1082
0x43a, 0x1083
0x43b, 0x1084
0x43c, 0x1085
0x43d, 0x1086
0x43e, 0x1087
0x43f, 0x1088
0x440, 0x1089
0x441, 0x1090
0x442, 0x1091
0x443, 0x1092
0x444, 0x1093
0x445, 0x1094
0x446, 0x1095
0x447, 0x1096
0x448, 0x1097
0x449, 0x1098
0x44a, 0x1099
0x44b, 0x1100
0x44c, 0x1101
0x44d, 0x1102
0x44e, 0x1103
0x44f, 0x1104
0x450, 0x1105
0x451, 0x1106
0x452, 0x1107
0x453, 0x1108
0x454, 0x1109
0x455, 0x1110
0x456, 0x1111
0x457, 0x1112
0x458, 0x1113
0x459, 0x1114
0x45a, 0x1115
0x45b, 0x1116
0x45c, 0x1117
0x45d, 0x1118
0x45e, 0x1119
0x45f, 0x1120
0x460, 0x1121
0x461, 0x1122
0x462, 0x1123
0x463, 0x1124
0x464, 0x1125
0x465, 0x1126
0x466, 0x1127
0x467, 0x1128
0x468, 0x1129
0x469, 0x1130
0x46a, 0x1131
0x46b, 0x1132
0x46c, 0x1133
0x46d, 0x1134
0x46e, 0x1135
0x46f, 0x1136
0x470, 0x1137
0x471, 0x1138
0x472, 0x1139
0x473, 0x1140
0x474, 0x1141
0x475, 0x1142
0x476, 0x1143
0x477, 0x1144
0x478, 0x1145
0x479, 0x1146
0x47a, 0x1147
0x47b, 0x1148
0x47c, 0x1149
0x47d, 0x1150
0x47e, 0x1151
0x47f, 0x1152
0x480, 0x1153
0x481, 0x1154
0x482, 0x1155
0x483, 0x1156
0x484, 0x1157
0x485, 0x1158
0x486, 0x1159
0x487, 0x1160
0x488, 0x1161
0x489, 0x1162
0x48a, 0x1163
0x48b, 0x1164
0x48c, 0x1165
0x48d, 0x1166
0x48e, 0x1167
0x48f, 0x1168
0x490, 0x1169
0x491, 0x1170
0x492, 0x1171
0x493, 0x1172
0x494, 0x1173
0x495, 0x1174
0x496, 0x1175
0x497, 0x1176
0x498, 0x1177
0x499, 0x1178
0x49a, 0x1179
0x49b, 0x1180
0x49c, 0x1181
0x49d, 0x1182
0x49e, 0x1183
0x49f, 0x1184
0x4a0, 0x1185
0x4a1, 0x1186
0x4a2, 0x1187
0x4a3, 0x1188
0x4a4, 0x1189
0x4a5, 0x1190
0x4a6, 0x1191
0x4a7, 0x1192
0x4a8, 0x1193
0x4a9, 0x1194
0x4aa, 0x1195
0x4ab, 0x1196
0x4ac, 0x1197
0x4ad, 0x1198
0x4ae, 0x1199
0x4af, 0x1200
0x4b0, 0x1201
0x4b1, 0x1202
0x4b2, 0x1203
0x4b3, 0x1204
0x4b4, 0x1205
0x4b5, 0x1206
0x4b6, 0x1207
0x4b7, 0x1208
0x4b8, 0x1209
0x4b9, 0x1210
0x4ba, 0x1211
0x4bb, 0x1212
0x4bc, 0x1213
0x4bd, 0x1214
0x4be, 0x1215
0x4bf, 0x1216
0x4c0, 0x1217
0x4c1, 0x1218
0x4c2, 0x1219
0x4c3, 0x1220
0x4c4, 0x1221
0x4c5, 0x1222
0x4c6, 0x1223
0x4c7, 0x1224
0x4c8, 0x1225
0x4c9, 0x1226
0x4ca, 0x1227
0x4cb, 0x1228
0x4cc, 0x1229
0x4cd, 0x1230
0x4ce, 0x1231
0x4cf, 0x1232
0x4d0, 0x1233
0x4d1, 0x1234
0x4d2, 0x1235
0x4d3, 0x1236
0x4d4, 0x1237
0x4d5, 0x1238
0x4d6, 0x1239
0x4d7, 0x1240
0x4d8, 0x1241
0x4d9, 0x1242
0x4da, 0x1243
0x4db, 0x1244
0x4dc, 0x1245
0x4dd, 0x1246
0x4de, 0x1247
0x4df, 0x1248
0x4e0, 0x1249
0x4e1, 0x1250
0x4e2, 0x1251
0x4e3, 0x1252
0x4e4, 0x1253
0x4e5, 0x1254
0x4e6, 0x1255
0x4e7, 0x1256
0x4e8, 0x1257
0x4e9, 0x1258
0x4ea, 0x1259
0x4eb, 0x1260
0x4ec, 0x1261
0x4ed, 0x1262
0x4ee, 0x1263
0x4ef, 0x1264
0x4f0, 0x1265
0x4f1, 0x1266
0x4f2, 0x1267
0x4f3, 0x1268
0x4f4, 0x1269
0x4f5, 0x1270
0x4f6, 0x1271
0x4f7, 0x1272
0x4f8, 0x1273
0x4f9, 0x1274
0x4fa, 0x1275
0x4fb, 0x1276
0x4fc, 0x1277
0x4fd, 0x1278
0x4fe, 0x1279
0x4ff, 0x1280
0x500, 0x1281
0x501, 0x1282
0x502, 0x1283
0x503, 0x1284
0x504, 0x1285
0x505, 0x1286
0x506, 0x1287
0x507, 0x1288
0x508, 0x1289
0x509, 0x1290
0x50a, 0x1291
0x50b, 0x1292
0x50c, 0x1293
0x50d, 0x1294
0x50e, 0x1295
0x50f, 0x1296
0x510, 0x1297
0x511, 0x1298
0x512, 0x1299
0x513, 0x1300
0x514, 0x1301
0x515, 0x1302
0x516, 0x1303
0x517, 0x1304
0x518, 0x1305
0x519, 0x1306
0x51a, 0x1307
0x51b, 0x1308
0x51c, 0x1309
0x51d, 0x1310
0x51e, 0x1311
0x51f, 0x1312
0x520, 0x1313
0x521, 0x1314
0x522, 0x1315
0x523, 0x1316
0x524, 0x1317
0x525, 0x1318
0x526, 0x1319
0x527, 0x1320
0x528, 0x1321
0x529, 0x1322
0x52a, 0x1323
0x52b, 0x1324
0x52c, 0x1325
0x52d, 0x1326
0x52e, 0x1327
0x52f, 0x1328
0x530, 0x1329
0x531, 0x1330
0x532, 0x1331
0x533, 0x1332
0x534, 0x1333
0x535, 0x1334
0x536, 0x1335
0x537, 0x1336
0x538, 0x1337
0x539, 0x1338
0x53a, 0x1339
0x53b, 0x1340
0x53c, 0x1341
0x53d, 0x1342
0x53e, 0x1343
0x53f, 0x1344
0x540, 0x1345
0x541, 0x1346
0x542, 0x1347
0x543, 0x1348
0x544, 0x1349
0x545, 0x1350
0x546, 0x1351
0x547, 0x1352
0x548, 0x1353
0x549, 0x1354
0x54a, 0x1355
0x54b, 0x1356
0x54c, 0x1357
0x54d, 0x1358
0x54e, 0x1359
0x54f, 0x1360
0x550, 0x1361
0x551, 0x1362
0x552, 0x1363
0x553, 0x1364
0x554, 0x1365
0x555, 0x1366
0x556, 0x1367
0x557, 0x1368
0x558, 0x1369
0x559, 0x1370
0x55a, 0x1371
0x55b, 0x1372
0x55c, 0x1373
0x55d, 0x1374
0x55e, 0x1375
0x55f, 0x1376
0x560, 0x1377
0x561, 0x1378
0x562, 0x1379
0x563, 0x1380
0x564, 0x1381
0x565, 0x1382
0x566, 0x1383
0x567, 0x1384
0x568, 0x1385
0x569, 0x1386
0x56a, 0x1387
0x56b, 0x1388
0x56c, 0x1389
0x56d, 0x1390
0x56e, 0x1391
0x56f, 0x1392
0x570, 0x1393
0x571, 0x1394
0x572, 0x1395
0x573, 0x1396
0x574, 0x1397
0x575, 0x1398
0x576, 0x1399
0x577, 0x1400
0x578, 0x1401
0x579, 0x1402
0x57a, 0x1403
0x57b, 0x1404
0x57c, 0x1405
0x57d, 0x1406
0x57e, 0x1407
0x57f, 0x1408
0x580, 0x1409
0x581, 0x1410
0x582, 0x1411
0x583, 0x1412
0x584, 0x1413
0x585, 0x1414
0x586, 0x1415
0x587, 0x1416
0x588, 0x1417
0x589, 0x1418
0x58a, 0x1419
0x58b, 0x1420
0x58c, 0x1421
0x58d, 0x1422
0x58e, 0x1423
0x58f, 0x1424
0x590, 0x1425
0x591, 0x1426
0x592, 0x1427
0x593, 0x1428
0x594, 0x1429
0x595, 0x1430
0x596, 0x1431
0x597, 0x1432
0x598, 0x1433
0x599, 0x1434
0x59a, 0x1435
0x59b, 0x1436
0x59c, 0x1437
0x59d, 0x1438
0x59e, 0x1439
0x59f, 0x1440
0x5a0, 0x1441
0x5a1, 0x1442
0x5a2, 0x1443
0x5a3, 0x1444
0x5a4, 0x1445
0x5a5, 0x1446
0x5a6, 0x1447
0x5a7, 0x1448
0x5a8, 0x1449
0x5a9, 0x1450
0x5aa, 0x1451
0x5ab, 0x1452
0x5ac, 0x1453
0x5ad, 0x1454
0x5ae, 0x1455
0x5af, 0x1456
0x5b0, 0x1457
0x5b1, 0x1458
0x5b2, 0x1459
0x5b3, 0x1460
0x5b4, 0x1461
0x5b5, 0x1462
0x5b6, 0x1463
0x5b7, 0x1464
0x5b8, 0x1465
0x5b9, 0x1466
0x5ba, 0x1467
0x5bb, 0x1468
0x5bc, 0x1469
0x5bd, 0x1470
0x5be, 0x1471
0x5bf, 0x1472
0x5c0, 0x1473
0x5c1, 0x1474
0x5c2, 0x1475
0x5c3, 0x1476
0x5c4, 0x1477
0x5c5, 0x1478
0x5c6, 0x1479
0x5c7, 0x1480
0x5c8, 0x1481
0x5c9, 0x1482
0x5ca, 0x1483
0x5cb, 0x1484
0x5cc, 0x1485
0x5cd, 0x1486
0x5ce, 0x1487
0x5cf, 0x1488
0x5d0, 0x1489
0x5d1, 0x1490
0x5d2, 0x1491
0x5d3, 0x1492
0x5d4, 0x1493
0x5d5, 0x1494
0x5d6, 0x1495
0x5d7, 0x1496
0x5d8, 0x1497
0x5d9, 0x1498
0x5da, 0x1499
0x5db, 0x1500
0x5dc, 0x1501
0x5dd, 0x1502
0x5de, 0x1503
0x5df, 0x1504
0x5e0, 0x1505
0x5e1, 0x1506
0x5e2, 0x1507
0x5e3, 0x1508
0x5e4, 0x1509
0x5e5, 0x1510
0x5e6, 0x1511
0x5e7, 0x1512
0x5e8, 0x1513
0x5e9, 0x1514
0x5ea, 0x1515
0x5eb, 0x1516
0x5ec, 0x1517
0x5ed, 0x1518
0x5ee, 0x1519
0x5ef, 0x1520
0x5f0, 0x1521
0x5f1, 0x1522
0x5f2, 0x1523
0x5f3, 0x1524
0x5f4, 0x1525
0x5f5, 0x1526
0x5f6, 0x1527
0x5f7, 0x1528
0x5f8, 0x1529
0x5f9, 0x1530
0x5fa, 0x1531
0x5fb, 0x1532
0x5fc, 0x1533
0x5fd, 0x1534
0x5fe, 0x1535
0x5ff, 0x1536
0x600, 0x1537
0x601, 0x1538
0x602, 0x1539
0x603, 0x1540
0x604, 0x1541
0x605, 0x1542
0x606, 0x1543
0x607, 0x1544
0x608, 0x1545
0x609, 0x1546
0x60a, 0x1547
0x60b, 0x1548
0x60c, 0x1549
0x60d, 0x1550
0x60e, 0x1551
0x60f, 0x1552
0x610, 0x1553
0x611, 0x1554
0x612, 0x1555
0x613, 0x1556
0x614, 0x1557
0x615, 0x1558
0x616, 0x1559
0x617, 0x1560
0x618, 0x1561
0x619, 0x1562
0x61a, 0x1563
0x61b, 0x1564
0x61c, 0x1565
0x61d, 0x1566
0x61e, 0x1567
0x61f, 0x1568
0x620, 0x1569
0x621, 0x1570
0x622, 0x1571
0x623, 0x1572
0x624, 0x1573
0x625, 0x1574
0x626, 0x1575
0x627, 0x1576
0x628, 0x1577
0x629, 0x1578
0x62a, 0x1579
0x62b, 0x1580
0x62c, 0x1581
0x62d, 0x1582
0x62e, 0x1583
0x62f, 0x1584
0x630, 0x1585
0x631, 0x1586
0x632, 0x1587
0x633, 0x1588
0x634, 0x1589
0x635, 0x1590
0x636, 0x1591
0x637, 0x1592
0x638, 0x1593
0x639, 0x1594
0x63a, 0x1595
0x63b, 0x1596
0x63c, 0x1597
0x63d, 0x1598
0x63e, 0x1599
0x63f, 0x1600
0x640, 0x1601
0x641, 0x1602
0x642, 0x1603
0x643, 0x1604
0x644, 0x1605
0x645, 0x1606
0x646, 0x1607
0x647, 0x1608
0x648, 0x1609
0x649, 0x1610
0x64a, 0x1611
0x64b, 0x1612
0x64c, 0x1613
0x64d, 0x1614
0x64e, 0x1615
0x64f, 0x1616
0x650, 0x1617
0x651, 0x1618
0x652, 0x1619
0x653, 0x1620
0x654, 0x1621
0x655, 0x1622
0x656, 0x1623
0x657, 0x1624
0x658, 0x1625
0x659, 0x1626
0x65a, 0x1627
0x65b, 0x1628
0x65c, 0x1629
0x65d, 0x1630
0x65e, 0x1631
0x65f, 0x1632
0x660, 0x1633
0x661, 0x1634
0x662, 0x1635
0x663, 0x1636
0x664, 0x1637
0x665, 0x1638
0x666, 0x1639
0x667, 0x1640
0x668, 0x1641
0x669, 0x1642
0x66a, 0x1643
0x66b, 0x1644
0x66c, 0x1645
0x66d, 0x1646
0x66e, 0x1647
0x66f, 0x1648
0x670, 0x1649
0x671, 0x1650
0x672, 0x1651
0x673, 0x1652
0x674, 0x1653
0x675, 0x1654
0x676, 0x1655
0x677, 0x1656
0x678, 0x1657
0x679, 0x1658
0x67a, 0x1659
0x67b, 0x1660
0x67c, 0x1661
0x67d, 0x1662
0x67e, 0x1663
0x67f, 0x1664
0x680, 0x1665
0x681, 0x1666
0x682, 0x1667
0x683, 0x1668
0x684, 0x1669
0x685, 0x1670
0x686, 0x1671
0x687, 0x1672
0x688, 0x1673
0x689, 0x1674
0x68a, 0x1675
0x68b, 0x1676
0x68c, 0x1677
0x68d, 0x1678
0x68e, 0x1679
0x68f, 0x1680
0x690, 0x1681
0x691, 0x1682
0x692, 0x1683
0x693, 0x1684
0x694, 0x1685
0x695, 0x1686
0x696, 0x1687
0x697, 0x1688
0x698, 0x1689
0x699, 0x1690
0x69a, 0x1691
0x69b, 0x1692
0x69c, 0x1693
0x69d, 0x1694
0x69e, 0x1695
0x69f, 0x1696
0x6a0, 0x1697
0x6a1, 0x1698
0x6a2, 0x1699
0x6a3, 0x1700
0x6a4, 0x1701
0x6a5, 0x1702
0x6a6, 0x1703
0x6a7, 0x1704
0x6a8, 0x1705
0x6a9, 0x1706
0x6aa, 0x1707
0x6ab, 0x1708
0x6ac, 0x1709
0x6ad, 0x1710
0x6ae, 0x1711
0x6af, 0x1712
0x6b0, 0x1713
0x6b1, 0x1714
0x6b2, 0x1715
0x6b3, 0x1716
0x6b4, 0x1717
0x6b5, 0x1718
0x6b6, 0x1719
0x6b7, 0x1720
0x6b8, 0x1721
0x6b9, 0x1722
0x6ba, 0x1723
0x6bb, 0x1724
0x6bc, 0x1725
0x6bd, 0x1726
0x6be, 0x1727
0x6bf, 0x1728
0x6c0, 0x1729
0x6c1, 0x1730
0x6c2, 0x1731
0x6c3, 0x1732
0x6c4, 0x1733
0x6c5, 0x1734
0x6c6, 0x1735
0x6c7, 0x1736
0x6c8, 0x1737
0x6c9, 0x1738
0x6ca, 0x1739
0x6cb, 0x1740
0x6cc, 0x1741
0x6cd, 0x1742
0x6ce, 0x1743
0x6cf, 0x1744
0x6d0, 0x1745
0x6d1, 0x1746
0x6d2, 0x1747
0x6d3, 0x1748
0x6d4, 0x1749
0x6d5, 0x1750
0x6d6, 0x1751
0x6d7, 0x1752
0x6d8, 0x1753
0x6d9, 0x1754
0x6da, 0x1755
0x6db, 0x1756
0x6dc, 0x1757
0x6dd, 0x1758
0x6de, 0x1759
0x6df, 0x1760
0x6e0, 0x1761
0x6e1, 0x1762
0x6e2, 0x1763
0x6e3, 0x1764
0x6e4, 0x1765
0x6e5, 0x1766
0x6e6, 0x1767
0x6e7, 0x1768
0x6e8, 0x1769
0x6e9, 0x1770
0x6ea, 0x1771
0x6eb, 0x1772
0x6ec, 0x1773
0x6ed, 0x1774
0x6ee, 0x1775
0x6ef, 0x1776
0x6f0, 0x1777
0x6f1, 0x1778
0x6f2, 0x1779
0x6f3, 0x1780
0x6f4, 0x1781
0x6f5, 0x1782
0x6f6, 0x1783
0x6f7, 0x1784
0x6f8, 0x1785
0x6f9, 0x1786
0x6fa, 0x1787
0x6fb, 0x1788
0x6fc, 0x1789
0x6fd, 0x1790
0x6fe, 0x1791
0x6ff, 0x1792
0x700, 0x1793
0x701, 0x1794
0x702, 0x1795
0x703, 0x1796
0x704, 0x1797
0x705, 0x1798
0x706, 0x1799
0x707, 0x1800
0x708, 0x1801
0x709, 0x1802
0x70a, 0x1803
0x70b, 0x1804
0x70c, 0x1805
0x70d, 0x1806
0x70e, 0x1807
0x70f, 0x1808
0x710, 0x1809
0x711, 0x1810
0x712, 0x1811
0x713, 0x1812
0x714, 0x1813
0x715, 0x1814
0x716, 0x1815
0x717, 0x1816
0x718, 0x1817
0x719, 0x1818
0x71a, 0x1819
0x71b, 0x1820
0x71c, 0x1821
0x71d, 0x1822
0x71e, 0x1823
0x71f, 0x1824
0x720, 0x1825
0x721, 0x1826
0x722, 0x1827
0x723, 0x1828
0x724, 0x1829
0x725, 0x1830
0x726, 0x1831
0x727, 0x1832
0x728, 0x1833
0x729, 0x1834
0x72a, 0x1835
0x72b, 0x1836
0x72c, 0x1837
0x72d, 0x1838
0x72e, 0x1839
0x72f, 0x1840
0x730, 0x1841
0x731, 0x1842
0x732, 0x1843
0x733, 0x1844
0x734, 0x1845
0x735, 0x1846
0x736, 0x1847
0x737, 0x1848
0x738, 0x1849
0x739, 0x1850
0x73a, 0x1851
0x73b, 0x1852
0x73c, 0x1853
0x73d, 0x1854
0x73e, 0x1855
0x73f, 0x1856
0x740, 0x1857
0x741, 0x1858
0x742, 0x1859
0x743, 0x1860
0x744, 0x1861
0x745, 0x1862
0x746, 0x1863
0x747, 0x1864
0x748, 0x1865
0x749, 0x1866
0x74a, 0x1867
0x74b, 0x1868
0x74c, 0x1869
0x74d, 0x1870
0x74e, 0x1871
0x74f, 0x1872
0x750, 0x1873
0x751, 0x1874
0x752, 0x1875
0x753, 0x1876
0x754, 0x1877
0x755, 0x1878
0x756, 0x1879
0x757, 0x1880
0x758, 0x1881
0x759, 0x1882
0x75a, 0x1883
0x75b, 0x1884
0x75c, 0x1885
0x75d, 0x1886
0x75e, 0x1887
0x75f, 0x1888
0x760, 0x1889
0x761, 0x1890
0x762, 0x1891
0x763, 0x1892
0x764, 0x1893
0x765, 0x1894
0x766, 0x1895
0x767, 0x1896
0x768, 0x1897
0x769, 0x1898
0x76a, 0x1899
0x76b, 0x1900
0x76c, 0x1901
0x76d, 0x1902
0x76e, 0x1903
0x76f, 0x1904
0x770, 0x1905
0x771, 0x1906
0x772, 0x1907
0x773, 0x1908
0x774, 0x1909
0x775, 0x1910
0x776, 0x1911
0x777, 0x1912
0x778, 0x1913
0x779, 0x1914
0x77a, 0x1915
0x77b, 0x1916
0x77c, 0x1917
0x77d, 0x1918
0x77e, 0x1919
0x77f, 0x1920
0x780, 0x1921
0x781, 0x1922
0x782, 0x1923
0x783, 0x1924
0x784, 0x1925
0x785, 0x1926
0x786, 0x1927
0x787, 0x1928
0x788, 0x1929
0x789, 0x1930
0x78a, 0x1931
0x78b, 0x1932
0x78c, 0x1933
0x78d, 0x1934
0x78e, 0x1935
0x78f, 0x1936
0x790, 0x1937
0x791, 0x1938
0x792, 0x1939
0x793, 0x1940
0x794, 0x1941
0x795, 0x1942
0x796, 0x1943
0x797, 0x1944
0x798, 0x1945
0x799, 0x1946
0x79a, 0x1947
0x79b, 0x1948
0x79c, 0x1949
0x79d, 0x1950
0x79e, 0x1951
0x79f, 0x1952
0x7a0, 0x1953
0x7a1, 0x1954
0x7a2, 0x1955
0x7a3, 0x1956
0x7a4, 0x1957
0x7a5, 0x1958
0x7a6, 0x1959
0x7a7, 0x1960
0x7a8, 0x1961
0x7a9, 0x1962
0x7aa, 0x1963
0x7ab, 0x1964
0x7ac, 0x1965
0x7ad, 0x1966
0x7ae, 0x1967
0x7af, 0x1968
0x7b0, 0x1969
0x7b1, 0x1970
0x7b2, 0x1971
0x7b3, 0x1972
0x7b4, 0x1973
0x7b5, 0x1974
0x7b6, 0x1975
0x7b7, 0x1976
0x7b8, 0x1977
0x7b9, 0x1978
0x7ba, 0x1979
0x7bb, 0x1980
0x7bc, 0x1981
0x7bd, 0x1982
0x7be, 0x1983
0x7bf, 0x1984
0x7c0, 0x1985
0x7c1, 0x1986
0x7c2, 0x1987
0x7c3, 0x1988
0x7c4, 0x1989
0x7c5, 0x1990
0x7c6, 0x1991
0x7c7, 0x1992
0x7c8, 0x1993
0x7c9, 0x1994
0x7ca, 0x1995
0x7cb, 0x1996
0x7cc, 0x1997
0x7cd, 0x1998
0x7ce, 0x1999
0x7cf, 0x2000
0x7d0, 0x2001
0x7d1, 0x2002
0x7d2, 0x2003
0x7d3, 0x2004
0x7d4, 0x2005
0x7d5, 0x2006
0x7d6, 0x2007
0x7d7, 0x2008
0x7d8, 0x2009
0x7d9, 0x2010
0x7da, 0x2011
0x7db, 0x2012
0x7dc, 0x2013
0x7dd, 0x2014
0x7de, 0x2015
0x7df, 0x2016
0x7e0, 0x2017
0x7e1, 0x2018
0x7e2, 0x2019
0x7e3, 0x2020
0x7e4, 0x2021
0x7e5, 0x2022
0x7e6, 0x2023
0x7e7, 0x2024
0x7e8, 0x2025
0x7e9, 0x2026
0x7ea, 0x2027
0x7eb, 0x2028
0x7ec, 0x2029
0x7ed, 0x2030
0x7ee, 0x2031
0x7ef, 0x2032
0x7f0, 0x2033
0x7f1, 0x2034
0x7f2, 0x2035
0x7f3, 0x2036
0x7f4, 0x2037
0x7f5, 0x2038
0x7f6, 0x2039
0x7f7, 0x2040
0x7f8, 0x2041
0x7f9, 0x2042
0x7fa, 0x2043
0x7fb, 0x2044
0x7fc, 0x2045
0x7fd, 0x2046
0x7fe, 0x2047
0x7ff, 0x2048
0x800, 0x2049
0x801, 0x2050
0x802, 0x2051
0x803, 0x2052
0x804, 0x2053
0x805, 0x2054
0x806, 0x2055
0x807, 0x2056
0x808, 0x2057
0x809, 0x2058
0x80a, 0x2059
0x80b, 0x2060
0x80c, 0x2061
0x80d, 0x2062
0x80e, 0x2063
0x80f, 0x2064
0x810, 0x2065
0x811, 0x2066
0x812, 0x2067
0x813, 0x2068
0x814, 0x2069
0x815, 0x2070
0x816, 0x2071
0x817, 0x2072
0x818, 0x2073
0x819, 0x2074
0x81a, 0x2075
0x81b, 0x2076
0x81c, 0x2077
0x81d, 0x2078
0x81e, 0x2079
0x81f, 0x2080
0x820, 0x2081
0x821, 0x2082
0x822, 0x2083
0x823, 0x2084
0x824, 0x2085
0x825, 0x2086
0x826, 0x2087
0x827, 0x2088
0x828, 0x2089
0x829, 0x2090
0x82a, 0x2091
0x82b, 0x2092
0x82c, 0x2093
0x82d, 0x2094
0x82e, 0x2095
0x82f, 0x2096
0x830, 0x2097
0x831, 0x2098
0x832, 0x2099
0x833, 0x2100
0x834, 0x2101
0x835, 0x2102
0x836, 0x2103
0x837, 0x2104
0x838, 0x2105
0x839, 0x2106
0x83a, 0x2107
0x83b, 0x2108
0x83c, 0x2109
0x83d, 0x2110
0x83e, 0x2111
0x83f, 0x2112
0x840, 0x2113
0x841, 0x2114
0x842, 0x2115
0x843, 0x2116
0x844, 0x2117
0x845, 0x2118
0x846, 0x2119
0x847, 0x2120
0x848, 0x2121
0x849, 0x2122
0x84a, 0x2123
0x84b, 0x2124
0x84c, 0x2125
0x84d, 0x2126
0x84e, 0x2127
0x84f, 0x2128
0x850, 0x2129
0x851, 0x2130
0x852, 0x2131
0x853, 0x2132
0x854, 0x2133
0x855, 0x2134
0x856, 0x2135
0x857, 0x2136
0x858, 0x2137
0x859, 0x2138
0x85a, 0x2139
0x85b, 0x2140
0x85c, 0x2141
0x85d, 0x2142
0x85e, 0x2143
0x85f, 0x2144
0x860, 0x2145
0x861, 0x2146
0x862, 0x2147
0x863, 0x2148
0x864, 0x2149
0x865, 0x2150
0x866, 0x2151
0x867, 0x2152
0x868, 0x2153
0x869, 0x2154
0x86a, 0x2155
0x86b, 0x2156
0x86c, 0x2157
0x86d, 0x2158
0x86e, 0x2159
0x86f, 0x2160
0x870, 0x2161
0x871, 0x2162
0x872, 0x2163
0x873, 0x2164
0x874, 0x2165
0x875, 0x2166
0x876, 0x2167
0x877, 0x2168
0x878, 0x2169
0x879, 0x2170
0x87a, 0x2171
0x87b, 0x2172
0x87c, 0x2173
0x87d, 0x2174
0x87e, 0x2175
0x87f, 0x2176
0x880, 0x2177
0x881, 0x2178
0x882, 0x2179
0x883, 0x2180
0x884, 0x2181
0x885, 0x2182
0x886, 0x2183
0x887, 0x2184
0x888, 0x2185
0x889, 0x2186
0x88a, 0x2187
0x88b, 0x2188
0x88c, 0x2189
0x88d, 0x2190
0x88e, 0x2191
0x88f, 0x2192
0x890, 0x2193
0x891, 0x2194
0x892, 0x2195
0x893, 0x2196
0x894, 0x2197
0x895, 0x2198
0x896, 0x2199
0x897, 0x2200
0x898, 0x2201
0x899, 0x2202
0x89a, 0x2203
0x89b, 0x2204
0x89c, 0x2205
0x89d, 0x2206
0x89e, 0x2207
0x89f, 0x2208
0x8a0, 0x2209
0x8a1, 0x2210
0x8a2, 0x2211
0x8a3, 0x2212
0x8a4, 0x2213
0x8a5, 0x2214
0x8a6, 0x2215
0x8a7, 0x2216
0x8a8, 0x2217
0x8a9, 0x2218
0x8aa, 0x2219
0x8ab, 0x2220
0x8ac, 0x2221
0x8ad, 0x2222
0x8ae, 0x2223
0x8af, 0x2224
0x8b0, 0x2225
0x8b1, 0x2226
0x8b2, 0x2227
0x8b3, 0x2228
0x8b4, 0x2229
0x8b5, 0x2230
0x8b6, 0x2231
0x8b7, 0x2232
0x8b8, 0x2233
0x8b9, 0x2234
0x8ba, 0x2235
0x8bb, 0x2236
0x8bc, 0x2237
0x8bd, 0x2238
0x8be, 0x2239
0x8bf, 0x2240
0x8c0, 0x2241
0x8c1, 0x2242
0x8c2, 0x2243
0x8c3, 0x2244
0x8c4, 0x2245
0x8c5, 0x2246
0x8c6, 0x2247
0x8c7, 0x2248
0x8c8, 0x2249
0x8c9, 0x2250
0x8ca, 0x2251
0x8cb, 0x2252
0x8cc, 0x2253
0x8cd, 0x2254
0x8ce, 0x2255
0x8cf, 0x2256
0x8d0, 0x2257
0x8d1, 0x2258
0x8d2, 0x2259
0x8d3, 0x2260
0x8d4, 0x2261
0x8d5, 0x2262
0x8d6, 0x2263
0x8d7, 0x2264
0x8d8, 0x2265
0x8d9, 0x2266
0x8da, 0x2267
0x8db, 0x2268
0x8dc, 0x2269
0x8dd, 0x2270
0x8de, 0x2271
0x8df, 0x2272
0x8e0, 0x2273
0x8e1, 0x2274
0x8e2, 0x2275
0x8e3, 0x2276
0x8e4, 0x2277
0x8e5, 0x2278
0x8e6, 0x2279
0x8e7, 0x2280
0x8e8, 0x2281
0x8e9, 0x2282
0x8ea, 0x2283
0x8eb, 0x2284
0x8ec, 0x2285
0x8ed, 0x2286
0x8ee, 0x2287
0x8ef, 0x2288
0x8f0, 0x2289
0x8f1, 0x2290
0x8f2, 0x2291
0x8f3, 0x2292
0x8f4, 0x2293
0x8f5, 0x2294
0x8f6, 0x2295
0x8f7, 0x2296
0x8f8, 0x2297
0x8f9, 0x2298
0x8fa, 0x2299
0x8fb, 0x2300
0x8fc, 0x2301
0x8fd, 0x2302
0x8fe, 0x2303
0x8ff, 0x2304
0x900, 0x2305
0x901, 0x2306
0x902, 0x2307
0x903, 0x2308
0x904, 0x2309
0x905, 0x2310
0x906, 0x2311
0x907, 0x2312
0x908, 0x2313
0x909, 0x2314
0x90a, 0x2315
0x90b, 0x2316
0x90c, 0x2317
0x90d, 0x2318
0x90e, 0x2319
0x90f, 0x2320
0x910, 0x2321
0x911, 0x2322
0x912, 0x2323
0x913, 0x2324
0x914, 0x2325
0x915, 0x2326
0x916, 0x2327
0x917, 0x2328
0x918, 0x2329
0x919, 0x2330
0x91a, 0x2331
0x91b, 0x2332
0x91c, 0x2333
0x91d, 0x2334
0x91e, 0x2335
0x91f, 0x2336
0x920, 0x2337
0x921, 0x2338
0x922, 0x2339
0x923, 0x2340
0x924, 0x2341
0x925, 0x2342
0x926, 0x2343
0x927, 0x2344
0x928, 0x2345
0x929, 0x2346
0x92a, 0x2347
0x92b, 0x2348
0x92c, 0x2349
0x92d, 0x2350
0x92e, 0x2351
0x92f, 0x2352
0x930, 0x2353
0x931, 0x2354
0x932, 0x2355
0x933, 0x2356
0x934, 0x2357
0x935, 0x2358
0x936, 0x2359
0x937, 0x2360
0x938, 0x2361
0x939, 0x2362
0x93a, 0x2363
0x93b, 0x2364
0x93c, 0x2365
0x93d, 0x2366
0x93e, 0x2367
0x93f, 0x2368
0x940, 0x2369
0x941, 0x2370
0x942, 0x2371
0x943, 0x2372
0x944, 0x2373
0x945, 0x2374
0x946, 0x2375
0x947, 0x2376
0x948, 0x2377
0x949, 0x2378
0x94a, 0x2379
0x94b, 0x2380
0x94c, 0x2381
0x94d, 0x2382
0x94e, 0x2383
0x94f, 0x2384
0x950, 0x2385
0x951, 0x2386
0x952, 0x2387
0x953, 0x2388
0x954, 0x2389
0x955, 0x2390
0x956, 0x2391
0x957, 0x2392
0x958, 0x2393
0x959, 0x2394
0x95a, 0x2395
0x95b, 0x2396
0x95c, 0x2397
0x95d, 0x2398
0x95e, 0x2399
0x95f, 0x2400
0x960, 0x2401
0x961, 0x2402
0x962, 0x2403
0x963, 0x2404
0x964, 0x2405
0x965, 0x2406
0x966, 0x2407
0x967, 0x2408
0x968, 0x2409
0x969, 0x2410
0x96a, 0x2411
0x96b, 0x2412
0x96c, 0x2413
0x96d, 0x2414
0x96e, 0x2415
0x96f, 0x2416
0x970, 0x2417
0x971, 0x2418
0x972, 0x2419
0x973, 0x2420
0x974, 0x2421
0x975, 0x2422
0x976, 0x2423
0x977, 0x2424
0x978, 0x2425
0x979, 0x2426
0x97a, 0x2427
0x97b, 0x2428
0x97c, 0x2429
0x97d, 0x2430
0x97e, 0x2431
0x97f, 0x2432
0x980, 0x2433
0x981, 0x2434
0x982, 0x2435
0x983, 0x2436
0x984, 0x2437
0x985, 0x2438
0x986, 0x2439
0x987, 0x2440
0x988, 0x2441
0x989, 0x2442
0x98a, 0x2443
0x98b, 0x2444
0x98c, 0x2445
0x98d, 0x2446
0x98e, 0x2447
0x98f, 0x2448
0x990, 0x2449
0x991, 0x2450
0x992, 0x2451
0x993, 0x2452
0x994, 0x2453
0x995, 0x2454
0x996, 0x2455
0x997, 0x2456
0x998, 0x2457
0x999, 0x2458
0x99a, 0x2459
0x99b, 0x2460
0x99c, 0x2461
0x99d, 0x2462
0x99e, 0x2463
0x99f, 0x2464
0x9a0, 0x2465
0x9a1, 0x2466
0x9a2, 0x2467
0x9a3, 0x2468
0x9a4, 0x2469
0x9a5, 0x2470
0x9a6, 0x2471
0x9a7, 0x2472
0x9a8, 0x2473
0x9a9, 0x2474
0x9aa, 0x2475
0x9ab, 0x2476
0x9ac, 0x2477
0x9ad, 0x2478
0x9ae, 0x2479
0x9af, 0x2480
0x9b0, 0x2481
0x9b1, 0x2482
0x9b2, 0x2483
0x9b3, 0x2484
0x9b4, 0x2485
0x9b5, 0x2486
0x9b6, 0x2487
0x9b7, 0x2488
0x9b8, 0x2489
0x9b9, 0x2490
0x9ba, 0x2491
0x9bb, 0x2492
0x9bc, 0x2493
0x9bd, 0x2494
0x9be, 0x2495
0x9bf, 0x2496
0x9c0, 0x2497
0x9c1, 0x2498
0x9c2, 0x2499
0x9c3, 0x2500
0x9c4, 0x2501
0x9c5, 0x2502
0x9c6, 0x2503
0x9c7, 0x2504
0x9c8, 0x2505
0x9c9, 0x2506
0x9ca, 0x2507
0x9cb, 0x2508
0x9cc, 0x2509
0x9cd, 0x2510
0x9ce, 0x2511
0x9cf, 0x2512
0x9d0, 0x2513
0x9d1, 0x2514
0x9d2, 0x2515
0x9d3, 0x2516
0x9d4, 0x2517
0x9d5, 0x2518
0x9d6, 0x2519
0x9d7, 0x2520
0x9d8, 0x2521
0x9d9, 0x2522
0x9da, 0x2523
0x9db, 0x2524
0x9dc, 0x2525
0x9dd, 0x2526
0x9de, 0x2527
0x9df, 0x2528
0x9e0, 0x2529
0x9e1, 0x2530
0x9e2, 0x2531
0x9e3, 0x2532
0x9e4, 0x2533
0x9e5, 0x2534
0x9e6, 0x2535
0x9e7, 0x2536
0x9e8, 0x2537
0x9e9, 0x2538
0x9ea, 0x2539
0x9eb, 0x2540
0x9ec, 0x2541
0x9ed, 0x2542
0x9ee, 0x2543
0x9ef, 0x2544
0x9f0, 0x2545
0x9f1, 0x2546
0x9f2, 0x2547
0x9f3, 0x2548
0x9f4, 0x2549
0x9f5, 0x2550
0x9f6, 0x2551
0x9f7, 0x2552
0x9f8, 0x2553
0x9f9, 0x2554
0x9fa, 0x2555
0x9fb, 0x2556
0x9fc, 0x2557
0x9fd, 0x2558
0x9fe, 0x2559
0x9ff, 0x2560
0xa00, 0x2561
0xa01, 0x2562
0xa02, 0x2563
0xa03, 0x2564
0xa04, 0x2565
0xa05, 0x2566
0xa06, 0x2567
0xa07, 0x2568
0xa08, 0x2569
0xa09, 0x2570
0xa0a, 0x2571
0xa0b, 0x2572
0xa0c, 0x2573
0xa0d, 0x2574
0xa0e, 0x2575
0xa0f, 0x2576
0xa10, 0x2577
0xa11, 0x2578
0xa12, 0x2579
0xa13, 0x2580
0xa14, 0x2581
0xa15, 0x2582
0xa16, 0x2583
0xa17, 0x2584
0xa18, 0x2585
0xa19, 0x2586
0xa1a, 0x2587
0xa1b, 0x2588
0xa1c, 0x2589
0xa1d, 0x2590
0xa1e, 0x2591
0xa1f, 0x2592
0xa20, 0x2593
0xa21, 0x2594
0xa22, 0x2595
0xa23, 0x2596
0xa24, 0x2597
0xa25, 0x2598
0xa26, 0x2599
0xa27, 0x2600
0xa28, 0x2601
0xa29, 0x2602
0xa2a, 0x2603
0xa2b, 0x2604
0xa2c, 0x2605
0xa2d, 0x2606
0xa2e, 0x2607
0xa2f, 0x2608
0xa30, 0x2609
0xa31, 0x2610
0xa32, 0x2611
0xa33, 0x2612
0xa34, 0x2613
0xa35, 0x2614
0xa36, 0x2615
0xa37, 0x2616
0xa38, 0x2617
0xa39, 0x2618
0xa3a, 0x2619
0xa3b, 0x2620
0xa3c, 0x2621
0xa3d, 0x2622
0xa3e, 0x2623
0xa3f, 0x2624
0xa40, 0x2625
0xa41, 0x2626
0xa42, 0x2627
0xa43, 0x2628
0xa44, 0x2629
0xa45, 0x2630
0xa46, 0x2631
0xa47, 0x2632
0xa48, 0x2633
0xa49, 0x2634
0xa4a, 0x2635
0xa4b, 0x2636
0xa4c, 0x2637
0xa4d, 0x2638
0xa4e, 0x2639
0xa4f, 0x2640
0xa50, 0x2641
0xa51, 0x2642
0xa52, 0x2643
0xa53, 0x2644
0xa54, 0x2645
0xa55, 0x2646
0xa56, 0x2647
0xa57, 0x2648
0xa58, 0x2649
0xa59, 0x2650
0xa5a, 0x2651
0xa5b, 0x2652
0xa5c, 0x2653
0xa5d, 0x2654
0xa5e, 0x2655
0xa5f, 0x2656
0xa60, 0x2657
0xa61, 0x2658
0xa62, 0x2659
0xa63, 0x2660
0xa64, 0x2661
0xa65, 0x2662
0xa66, 0x2663
0xa67, 0x2664
0xa68, 0x2665
0xa69, 0x2666
0xa6a, 0x2667
0xa6b, 0x2668
0xa6c, 0x2669
0xa6d, 0x2670
0xa6e, 0x2671
0xa6f, 0x2672
0xa70, 0x2673
0xa71, 0x2674
0xa72, 0x2675
0xa73, 0x2676
0xa74, 0x2677
0xa75, 0x2678
0xa76, 0x2679
0xa77, 0x2680
0xa78, 0x2681
0xa79, 0x2682
0xa7a, 0x2683
0xa7b, 0x2684
0xa7c, 0x2685
0xa7d, 0x2686
0xa7e, 0x2687
0xa7f, 0x2688
0xa80, 0x2689
0xa81, 0x2690
0xa82, 0x2691
0xa83, 0x2692
0xa84, 0x2693
0xa85, 0x2694
0xa86, 0x2695
0xa87, 0x2696
0xa88, 0x2697
0xa89, 0x2698
0xa8a, 0x2699
0xa8b, 0x2700
0xa8c, 0x2701
0xa8d, 0x2702
0xa8e, 0x2703
0xa8f, 0x2704
0xa90, 0x2705
0xa91, 0x2706
0xa92, 0x2707
0xa93, 0x2708
0xa94, 0x2709
0xa95, 0x2710
0xa96, 0x2711
0xa97, 0x2712
0xa98, 0x2713
0xa99, 0x2714
0xa9a, 0x2715
0xa9b, 0x2716
0xa9c, 0x2717
0xa9d, 0x2718
0xa9e, 0x2719
0xa9f, 0x2720
0xaa0, 0x2721
0xaa1, 0x2722
0xaa2, 0x2723
0xaa3, 0x2724
0xaa4, 0x2725
0xaa5, 0x2726
0xaa6, 0x2727
0xaa7, 0x2728
0xaa8, 0x2729
0xaa9, 0x2730
0xaaa, 0x2731
0xaab, 0x2732
0xaac, 0x2733
0xaad, 0x2734
0xaae, 0x2735
0xaaf, 0x2736
0xab0, 0x2737
0xab1, 0x2738
0xab2, 0x2739
0xab3, 0x2740
0xab4, 0x2741
0xab5, 0x2742
0xab6, 0x2743
0xab7, 0x2744
0xab8, 0x2745
0xab9, 0x2746
0xaba, 0x2747
0xabb, 0x2748
0xabc, 0x2749
0xabd, 0x2750
0xabe, 0x2751
0xabf, 0x2752
0xac0, 0x2753
0xac1, 0x2754
0xac2, 0x2755
0xac3, 0x2756
0xac4, 0x2757
0xac5, 0x2758
0xac6, 0x2759
0xac7, 0x2760
0xac8, 0x2761
0xac9, 0x2762
0xaca, 0x2763
0xacb, 0x2764
0xacc, 0x2765
0xacd, 0x2766
0xace, 0x2767
0xacf, 0x2768
0xad0, 0x2769
0xad1, 0x2770
0xad2, 0x2771
0xad3, 0x2772
0xad4, 0x2773
0xad5, 0x2774
0xad6, 0x2775
0xad7, 0x2776
0xad8, 0x2777
0xad9, 0x2778
0xada, 0x2779
0xadb, 0x2780
0xadc, 0x2781
0xadd, 0x2782
0xade, 0x2783
0xadf, 0x2784
0xae0, 0x2785
0xae1, 0x2786
0xae2, 0x2787
0xae3, 0x2788
0xae4, 0x2789
0xae5, 0x2790
0xae6, 0x2791
0xae7, 0x2792
0xae8, 0x2793
0xae9, 0x2794
0xaea, 0x2795
0xaeb, 0x2796
0xaec, 0x2797
0xaed, 0x2798
0xaee, 0x2799
0xaef, 0x2800
0xaf0, 0x2801
0xaf1, 0x2802
0xaf2, 0x2803
0xaf3, 0x2804
0xaf4, 0x2805
0xaf5, 0x2806
0xaf6, 0x2807
0xaf7, 0x2808
0xaf8, 0x2809
0xaf9, 0x2810
0xafa, 0x2811
0xafb, 0x2812
0xafc, 0x2813
0xafd, 0x2814
0xafe, 0x2815
0xaff, 0x2816
0xb00, 0x2817
0xb01, 0x2818
0xb02, 0x2819
0xb03, 0x2820
0xb04, 0x2821
0xb05, 0x2822
0xb06, 0x2823
0xb07, 0x2824
0xb08, 0x2825
0xb09, 0x2826
0xb0a, 0x2827
0xb0b, 0x2828
0xb0c, 0x2829
0xb0d, 0x2830
0xb0e, 0x2831
0xb0f, 0x2832
0xb10, 0x2833
0xb11, 0x2834
0xb12, 0x2835
0xb13, 0x2836
0xb14, 0x2837
0xb15, 0x2838
0xb16, 0x2839
0xb17, 0x2840
0xb18, 0x2841
0xb19, 0x2842
0xb1a, 0x2843
0xb1b, 0x2844
0xb1c, 0x2845
0xb1d, 0x2846
0xb1e, 0x2847
0xb1f, 0x2848
0xb20, 0x2849
0xb21, 0x2850
0xb22, 0x2851
0xb23, 0x2852
0xb24, 0x2853
0xb25, 0x2854
0xb26, 0x2855
0xb27, 0x2856
0xb28, 0x2857
0xb29, 0x2858
0xb2a, 0x2859
0xb2b, 0x2860
0xb2c, 0x2861
0xb2d, 0x2862
0xb2e, 0x2863
0xb2f, 0x2864
0xb30, 0x2865
0xb31, 0x2866
0xb32, 0x2867
0xb33, 0x2868
0xb34, 0x2869
0xb35, 0x2870
0xb36, 0x2871
0xb37, 0x2872
0xb38, 0x2873
0xb39, 0x2874
0xb3a, 0x2875
0xb3b, 0x2876
0xb3c, 0x2877
0xb3d, 0x2878
0xb3e, 0x2879
0xb3f, 0x2880
0xb40, 0x2881
0xb41, 0x2882
0xb42, 0x2883
0xb43, 0x2884
0xb44, 0x2885
0xb45, 0x2886
0xb46, 0x2887
0xb47, 0x2888
0xb48, 0x2889
0xb49, 0x2890
0xb4a, 0x2891
0xb4b, 0x2892
0xb4c, 0x2893
0xb4d, 0x2894
0xb4e, 0x2895
0xb4f, 0x2896
0xb50, 0x2897
0xb51, 0x2898
0xb52, 0x2899
0xb53, 0x2900
0xb54, 0x2901
0xb55, 0x2902
0xb56, 0x2903
0xb57, 0x2904
0xb58, 0x2905
0xb59, 0x2906
0xb5a, 0x2907
0xb5b, 0x2908
0xb5c, 0x2909
0xb5d, 0x2910
0xb5e, 0x2911
0xb5f, 0x2912
0xb60, 0x2913
0xb61, 0x2914
0xb62, 0x2915
0xb63, 0x2916
0xb64, 0x2917
0xb65, 0x2918
0xb66, 0x2919
0xb67, 0x2920
0xb68, 0x2921
0xb69, 0x2922
0xb6a, 0x2923
0xb6b, 0x2924
0xb6c, 0x2925
0xb6d, 0x2926
0xb6e, 0x2927
0xb6f, 0x2928
0xb70, 0x2929
0xb71, 0x2930
0xb72, 0x2931
0xb73, 0x2932
0xb74, 0x2933
0xb75, 0x2934
0xb76, 0x2935
0xb77, 0x2936
0xb78, 0x2937
0xb79, 0x2938
0xb7a, 0x2939
0xb7b, 0x2940
0xb7c, 0x2941
0xb7d, 0x2942
0xb7e, 0x2943
0xb7f, 0x2944
0xb80, 0x2945
0xb81, 0x2946
0xb82, 0x2947
0xb83, 0x2948
0xb84, 0x2949
0xb85, 0x2950
0xb86, 0x2951
0xb87, 0x2952
0xb88, 0x2953
0xb89, 0x2954
0xb8a, 0x2955
0xb8b, 0x2956
0xb8c, 0x2957
0xb8d, 0x2958
0xb8e, 0x2959
0xb8f, 0x2960
0xb90, 0x2961
0xb91, 0x2962
0xb92, 0x2963
0xb93, 0x2964
0xb94, 0x2965
0xb95, 0x2966
0xb96, 0x2967
0xb97, 0x2968
0xb98, 0x2969
0xb99, 0x2970
0xb9a, 0x2971
0xb9b, 0x2972
0xb9c, 0x2973
0xb9d, 0x2974
0xb9e, 0x2975
0xb9f, 0x2976
0xba0, 0x2977
0xba1, 0x2978
0xba2, 0x2979
0xba3, 0x2980
0xba4, 0x2981
0xba5, 0x2982
0xba6, 0x2983
0xba7, 0x2984
0xba8, 0x2985
0xba9, 0x2986
0xbaa, 0x2987
0xbab, 0x2988
0xbac, 0x2989
0xbad, 0x2990
0xbae, 0x2991
0xbaf, 0x2992
0xbb0, 0x2993
0xbb1, 0x2994
0xbb2, 0x2995
0xbb3, 0x2996
0xbb4, 0x2997
0xbb5, 0x2998
0xbb6, 0x2999
0xbb7, 0x3000
0xbb8, 0x3001
0xbb9, 0x3002
0xbba, 0x3003
0xbbb, 0x3004
0xbbc, 0x3005
0xbbd, 0x3006
0xbbe, 0x3007
0xbbf, 0x3008
0xbc0, 0x3009
0xbc1, 0x3010
0xbc2, 0x3011
0xbc3, 0x3012
0xbc4, 0x3013
0xbc5, 0x3014
0xbc6, 0x3015
0xbc7, 0x3016
0xbc8, 0x3017
0xbc9, 0x3018
0xbca, 0x3019
0xbcb, 0x3020
0xbcc, 0x3021
0xbcd, 0x3022
0xbce, 0x3023
0xbcf, 0x3024
0xbd0, 0x3025
0xbd1, 0x3026
0xbd2, 0x3027
0xbd3, 0x3028
0xbd4, 0x3029
0xbd5, 0x3030
0xbd6, 0x3031
0xbd7, 0x3032
0xbd8, 0x3033
0xbd9, 0x3034
0xbda, 0x3035
0xbdb, 0x3036
0xbdc, 0x3037
0xbdd, 0x3038
0xbde, 0x3039
0xbdf, 0x3040
0xbe0, 0x3041
0xbe1, 0x3042
0xbe2, 0x3043
0xbe3, 0x3044
0xbe4, 0x3045
0xbe5, 0x3046
0xbe6, 0x3047
0xbe7, 0x3048
0xbe8, 0x3049
0xbe9, 0x3050
0xbea, 0x3051
0xbeb, 0x3052
0xbec, 0x3053
0xbed, 0x3054
0xbee, 0x3055
0xbef, 0x3056
0xbf0, 0x3057
0xbf1, 0x3058
0xbf2, 0x3059
0xbf3, 0x3060
0xbf4, 0x3061
0xbf5, 0x3062
0xbf6, 0x3063
0xbf7, 0x3064
0xbf8, 0x3065
0xbf9, 0x3066
0xbfa, 0x3067
0xbfb, 0x3068
0xbfc, 0x3069
0xbfd, 0x3070
0xbfe, 0x3071
0xbff, 0x3072
0xc00, 0x3073
0xc01, 0x3074
0xc02, 0x3075
0xc03, 0x3076
0xc04, 0x3077
0xc05, 0x3078
0xc06, 0x3079
0xc07, 0x3080
0xc08, 0x3081
0xc09, 0x3082
0xc0a, 0x3083
0xc0b, 0x3084
0xc0c, 0x3085
0xc0d, 0x3086
0xc0e, 0x3087
0xc0f, 0x3088
0xc10, 0x3089
0xc11, 0x3090
0xc12, 0x3091
0xc13, 0x3092
0xc14, 0x3093
0xc15, 0x3094
0xc16, 0x3095
0xc17, 0x3096
0xc18, 0x3097
0xc19, 0x3098
0xc1a, 0x3099
0xc1b, 0x3100
0xc1c, 0x3101
0xc1d, 0x3102
0xc1e, 0x3103
0xc1f, 0x3104
0xc20, 0x3105
0xc21, 0x3106
0xc22, 0x3107
0xc23, 0x3108
0xc24, 0x3109
0xc25, 0x3110
0xc26, 0x3111
0xc27, 0x3112
0xc28, 0x3113
0xc29, 0x3114
0xc2a, 0x3115
0xc2b, 0x3116
0xc2c, 0x3117
0xc2d, 0x3118
0xc2e, 0x3119
0xc2f, 0x3120
0xc30, 0x3121
0xc31, 0x3122
0xc32, 0x3123
0xc33, 0x3124
0xc34, 0x3125
0xc35, 0x3126
0xc36, 0x3127
0xc37, 0x3128
0xc38, 0x3129
0xc39, 0x3130
0xc3a, 0x3131
0xc3b, 0x3132
0xc3c, 0x3133
0xc3d, 0x3134
0xc3e, 0x3135
0xc3f, 0x3136
0xc40, 0x3137
0xc41, 0x3138
0xc42, 0x3139
0xc43, 0x3140
0xc44, 0x3141
0xc45, 0x3142
0xc46, 0x3143
0xc47, 0x3144
0xc48, 0x3145
0xc49, 0x3146
0xc4a, 0x3147
0xc4b, 0x3148
0xc4c, 0x3149
0xc4d, 0x3150
0xc4e, 0x3151
0xc4f, 0x3152
0xc50, 0x3153
0xc51, 0x3154
0xc52, 0x3155
0xc53, 0x3156
0xc54, 0x3157
0xc55, 0x3158
0xc56, 0x3159
0xc57, 0x3160
0xc58, 0x3161
0xc59, 0x3162
0xc5a, 0x3163
0xc5b, 0x3164
0xc5c, 0x3165
0xc5d, 0x3166
0xc5e, 0x3167
0xc5f, 0x3168
0xc60, 0x3169
0xc61, 0x3170
0xc62, 0x3171
0xc63, 0x3172
0xc64, 0x3173
0xc65, 0x3174
0xc66, 0x3175
0xc67, 0x3176
0xc68, 0x3177
0xc69, 0x3178
0xc6a, 0x3179
0xc6b, 0x3180
0xc6c, 0x3181
0xc6d, 0x3182
0xc6e, 0x3183
0xc6f, 0x3184
0xc70, 0x3185
0xc71, 0x3186
0xc72, 0x3187
0xc73, 0x3188
0xc74, 0x3189
0xc75, 0x3190
0xc76, 0x3191
0xc77, 0x3192
0xc78, 0x3193
0xc79, 0x3194
0xc7a, 0x3195
0xc7b, 0x3196
0xc7c, 0x3197
0xc7d, 0x3198
0xc7e, 0x3199
0xc7f, 0x3200
0xc80, 0x3201
0xc81, 0x3202
0xc82, 0x3203
0xc83, 0x3204
0xc84, 0x3205
0xc85, 0x3206
0xc86, 0x3207
0xc87, 0x3208
0xc88, 0x3209
0xc89, 0x3210
0xc8a, 0x3211
0xc8b, 0x3212
0xc8c, 0x3213
0xc8d, 0x3214
0xc8e, 0x3215
0xc8f, 0x3216
0xc90, 0x3217
0xc91, 0x3218
0xc92, 0x3219
0xc93, 0x3220
0xc94, 0x3221
0xc95, 0x3222
0xc96, 0x3223
0xc97, 0x3224
0xc98, 0x3225
0xc99, 0x3226
0xc9a, 0x3227
0xc9b, 0x3228
0xc9c, 0x3229
0xc9d, 0x3230
0xc9e, 0x3231
0xc9f, 0x3232
0xca0, 0x3233
0xca1, 0x3234
0xca2, 0x3235
0xca3, 0x3236
0xca4, 0x3237
0xca5, 0x3238
0xca6, 0x3239
0xca7, 0x3240
0xca8, 0x3241
0xca9, 0x3242
0xcaa, 0x3243
0xcab, 0x3244
0xcac, 0x3245
0xcad, 0x3246
0xcae, 0x3247
0xcaf, 0x3248
0xcb0, 0x3249
0xcb1, 0x3250
0xcb2, 0x3251
0xcb3, 0x3252
0xcb4, 0x3253
0xcb5, 0x3254
0xcb6, 0x3255
0xcb7, 0x3256
0xcb8, 0x3257
0xcb9, 0x3258
0xcba, 0x3259
0xcbb, 0x3260
0xcbc, 0x3261
0xcbd, 0x3262
0xcbe, 0x3263
0xcbf, 0x3264
0xcc0, 0x3265
0xcc1, 0x3266
0xcc2, 0x3267
0xcc3, 0x3268
0xcc4, 0x3269
0xcc5, 0x3270
0xcc6, 0x3271
0xcc7, 0x3272
0xcc8, 0x3273
0xcc9, 0x3274
0xcca, 0x3275
0xccb, 0x3276
0xccc, 0x3277
0xccd, 0x3278
0xcce, 0x3279
0xccf, 0x3280
0xcd0, 0x3281
0xcd1, 0x3282
0xcd2, 0x3283
0xcd3, 0x3284
0xcd4, 0x3285
0xcd5, 0x3286
0xcd6, 0x3287
0xcd7, 0x3288
0xcd8, 0x3289
0xcd9, 0x3290
0xcda, 0x3291
0xcdb, 0x3292
0xcdc, 0x3293
0xcdd, 0x3294
0xcde, 0x3295
0xcdf, 0x3296
0xce0, 0x3297
0xce1, 0x3298
0xce2, 0x3299
0xce3, 0x3300
0xce4, 0x3301
0xce5, 0x3302
0xce6, 0x3303
0xce7, 0x3304
0xce8, 0x3305
0xce9, 0x3306
0xcea, 0x3307
0xceb, 0x3308
0xcec, 0x3309
0xced, 0x3310
0xcee, 0x3311
0xcef, 0x3312
0xcf0, 0x3313
0xcf1, 0x3314
0xcf2, 0x3315
0xcf3, 0x3316
0xcf4, 0x3317
0xcf5, 0x3318
0xcf6, 0x3319
0xcf7, 0x3320
0xcf8, 0x3321
0xcf9, 0x3322
0xcfa, 0x3323
0xcfb, 0x3324
0xcfc, 0x3325
0xcfd, 0x3326
0xcfe, 0x3327
0xcff, 0x3328
0xd00, 0x3329
0xd01, 0x3330
0xd02, 0x3331
0xd03, 0x3332
0xd04, 0x3333
0xd05, 0x3334
0xd06, 0x3335
0xd07, 0x3336
0xd08, 0x3337
0xd09, 0x3338
0xd0a, 0x3339
0xd0b, 0x3340
0xd0c, 0x3341
0xd0d, 0x3342
0xd0e, 0x3343
0xd0f, 0x3344
0xd10, 0x3345
0xd11, 0x3346
0xd12, 0x3347
0xd13, 0x3348
0xd14, 0x3349
0xd15, 0x3350
0xd16, 0x3351
0xd17, 0x3352
0xd18, 0x3353
0xd19, 0x3354
0xd1a, 0x3355
0xd1b, 0x3356
0xd1c, 0x3357
0xd1d, 0x3358
0xd1e, 0x3359
0xd1f, 0x3360
0xd20, 0x3361
0xd21, 0x3362
0xd22, 0x3363
0xd23, 0x3364
0xd24, 0x3365
0xd25, 0x3366
0xd26, 0x3367
0xd27, 0x3368
0xd28, 0x3369
0xd29, 0x3370
0xd2a, 0x3371
0xd2b, 0x3372
0xd2c, 0x3373
0xd2d, 0x3374
0xd2e, 0x3375
0xd2f, 0x3376
0xd30, 0x3377
0xd31, 0x3378
0xd32, 0x3379
0xd33, 0x3380
0xd34, 0x3381
0xd35, 0x3382
0xd36, 0x3383
0xd37, 0x3384
0xd38, 0x3385
0xd39, 0x3386
0xd3a, 0x3387
0xd3b, 0x3388
0xd3c, 0x3389
0xd3d, 0x3390
0xd3e, 0x3391
0xd3f, 0x3392
0xd40, 0x3393
0xd41, 0x3394
0xd42, 0x3395
0xd43, 0x3396
0xd44, 0x3397
0xd45, 0x3398
0xd46, 0x3399
0xd47, 0x3400
0xd48, 0x3401
0xd49, 0x3402
0xd4a, 0x3403
0xd4b, 0x3404
0xd4c, 0x3405
0xd4d, 0x3406
0xd4e, 0x3407
0xd4f, 0x3408
0xd50, 0x3409
0xd51, 0x3410
0xd52, 0x3411
0xd53, 0x3412
0xd54, 0x3413
0xd55, 0x3414
0xd56, 0x3415
0xd57, 0x3416
0xd58, 0x3417
0xd59, 0x3418
0xd5a, 0x3419
0xd5b, 0x3420
0xd5c, 0x3421
0xd5d, 0x3422
0xd5e, 0x3423
0xd5f, 0x3424
0xd60, 0x3425
0xd61, 0x3426
0xd62, 0x3427
0xd63, 0x3428
0xd64, 0x3429
0xd65, 0x3430
0xd66, 0x3431
0xd67, 0x3432
0xd68, 0x3433
0xd69, 0x3434
0xd6a, 0x3435
0xd6b, 0x3436
0xd6c, 0x3437
0xd6d, 0x3438
0xd6e, 0x3439
0xd6f, 0x3440
0xd70, 0x3441
0xd71, 0x3442
0xd72, 0x3443
0xd73, 0x3444
0xd74, 0x3445
0xd75, 0x3446
0xd76, 0x3447
0xd77, 0x3448
0xd78, 0x3449
0xd79, 0x3450
0xd7a, 0x3451
0xd7b, 0x3452
0xd7c, 0x3453
0xd7d, 0x3454
0xd7e, 0x3455
0xd7f, 0x3456
0xd80, 0x3457
0xd81, 0x3458
0xd82, 0x3459
0xd83, 0x3460
0xd84, 0x3461
0xd85, 0x3462
0xd86, 0x3463
0xd87, 0x3464
0xd88, 0x3465
0xd89, 0x3466
0xd8a, 0x3467
0xd8b, 0x3468
0xd8c, 0x3469
0xd8d, 0x3470
0xd8e, 0x3471
0xd8f, 0x3472
0xd90, 0x3473
0xd91, 0x3474
0xd92, 0x3475
0xd93, 0x3476
0xd94, 0x3477
0xd95, 0x3478
0xd96, 0x3479
0xd97, 0x3480
0xd98, 0x3481
0xd99, 0x3482
0xd9a, 0x3483
0xd9b, 0x3484
0xd9c, 0x3485
0xd9d, 0x3486
0xd9e, 0x3487
0xd9f, 0x3488
0xda0, 0x3489
0xda1, 0x3490
0xda2, 0x3491
0xda3, 0x3492
0xda4, 0x3493
0xda5, 0x3494
0xda6, 0x3495
0xda7, 0x3496
0xda8, 0x3497
0xda9, 0x3498
0xdaa, 0x3499
0xdab, 0x3500
0xdac, 0x3501
0xdad, 0x3502
0xdae, 0x3503
0xdaf, 0x3504
0xdb0, 0x3505
0xdb1, 0x3506
0xdb2, 0x3507
0xdb3, 0x3508
0xdb4, 0x3509
0xdb5, 0x3510
0xdb6, 0x3511
0xdb7, 0x3512
0xdb8, 0x3513
0xdb9, 0x3514
0xdba, 0x3515
0xdbb, 0x3516
0xdbc, 0x3517
0xdbd, 0x3518
0xdbe, 0x3519
0xdbf, 0x3520
0xdc0, 0x3521
0xdc1, 0x3522
0xdc2, 0x3523
0xdc3, 0x3524
0xdc4, 0x3525
0xdc5, 0x3526
0xdc6, 0x3527
0xdc7, 0x3528
0xdc8, 0x3529
0xdc9, 0x3530
0xdca, 0x3531
0xdcb, 0x3532
0xdcc, 0x3533
0xdcd, 0x3534
0xdce, 0x3535
0xdcf, 0x3536
0xdd0, 0x3537
0xdd1, 0x3538
0xdd2, 0x3539
0xdd3, 0x3540
0xdd4, 0x3541
0xdd5, 0x3542
0xdd6, 0x3543
0xdd7, 0x3544
0xdd8, 0x3545
0xdd9, 0x3546
0xdda, 0x3547
0xddb, 0x3548
0xddc, 0x3549
0xddd, 0x3550
0xdde, 0x3551
0xddf, 0x3552
0xde0, 0x3553
0xde1, 0x3554
0xde2, 0x3555
0xde3, 0x3556
0xde4, 0x3557
0xde5, 0x3558
0xde6, 0x3559
0xde7, 0x3560
0xde8, 0x3561
0xde9, 0x3562
0xdea, 0x3563
0xdeb, 0x3564
0xdec, 0x3565
0xded, 0x3566
0xdee, 0x3567
0xdef, 0x3568
0xdf0, 0x3569
0xdf1, 0x3570
0xdf2, 0x3571
0xdf3, 0x3572
0xdf4, 0x3573
0xdf5, 0x3574
0xdf6, 0x3575
0xdf7, 0x3576
0xdf8, 0x3577
0xdf9, 0x3578
0xdfa, 0x3579
0xdfb, 0x3580
0xdfc, 0x3581
0xdfd, 0x3582
0xdfe, 0x3583
0xdff, 0x3584
0xe00, 0x3585
0xe01, 0x3586
0xe02, 0x3587
0xe03, 0x3588
0xe04, 0x3589
0xe05, 0x3590
0xe06, 0x3591
0xe07, 0x3592
0xe08, 0x3593
0xe09, 0x3594
0xe0a, 0x3595
0xe0b, 0x3596
0xe0c, 0x3597
0xe0d, 0x3598
0xe0e, 0x3599
0xe0f, 0x3600
0xe10, 0x3601
0xe11, 0x3602
0xe12, 0x3603
0xe13, 0x3604
0xe14, 0x3605
0xe15, 0x3606
0xe16, 0x3607
0xe17, 0x3608
0xe18, 0x3609
0xe19, 0x3610
0xe1a, 0x3611
0xe1b, 0x3612
0xe1c, 0x3613
0xe1d, 0x3614
0xe1e, 0x3615
0xe1f, 0x3616
0xe20, 0x3617
0xe21, 0x3618
0xe22, 0x3619
0xe23, 0x3620
0xe24, 0x3621
0xe25, 0x3622
0xe26, 0x3623
0xe27, 0x3624
0xe28, 0x3625
0xe29, 0x3626
0xe2a, 0x3627
0xe2b, 0x3628
0xe2c, 0x3629
0xe2d, 0x3630
0xe2e, 0x3631
0xe2f, 0x3632
0xe30, 0x3633
0xe31, 0x3634
0xe32, 0x3635
0xe33, 0x3636
0xe34, 0x3637
0xe35, 0x3638
0xe36, 0x3639
0xe37, 0x3640
0xe38, 0x3641
0xe39, 0x3642
0xe3a, 0x3643
0xe3b, 0x3644
0xe3c, 0x3645
0xe3d, 0x3646
0xe3e, 0x3647
0xe3f, 0x3648
0xe40, 0x3649
0xe41, 0x3650
0xe42, 0x3651
0xe43, 0x3652
0xe44, 0x3653
0xe45, 0x3654
0xe46, 0x3655
0xe47, 0x3656
0xe48, 0x3657
0xe49, 0x3658
0xe4a, 0x3659
0xe4b, 0x3660
0xe4c, 0x3661
0xe4d, 0x3662
0xe4e, 0x3663
0xe4f, 0x3664
0xe50, 0x3665
0xe51, 0x3666
0xe52, 0x3667
0xe53, 0x3668
0xe54, 0x3669
0xe55, 0x3670
0xe56, 0x3671
0xe57, 0x3672
0xe58, 0x3673
0xe59, 0x3674
0xe5a, 0x3675
0xe5b, 0x3676
0xe5c, 0x3677
0xe5d, 0x3678
0xe5e, 0x3679
0xe5f, 0x3680
0xe60, 0x3681
0xe61, 0x3682
0xe62, 0x3683
0xe63, 0x3684
0xe64, 0x3685
0xe65, 0x3686
0xe66, 0x3687
0xe67, 0x3688
0xe68, 0x3689
0xe69, 0x3690
0xe6a, 0x3691
0xe6b, 0x3692
0xe6c, 0x3693
0xe6d, 0x3694
0xe6e, 0x3695
0xe6f, 0x3696
0xe70, 0x3697
0xe71, 0x3698
0xe72, 0x3699
0xe73, 0x3700
0xe74, 0x3701
0xe75, 0x3702
0xe76, 0x3703
0xe77, 0x3704
0xe78, 0x3705
0xe79, 0x3706
0xe7a, 0x3707
0xe7b, 0x3708
0xe7c, 0x3709
0xe7d, 0x3710
0xe7e, 0x3711
0xe7f, 0x3712
0xe80, 0x3713
0xe81, 0x3714
0xe82, 0x3715
0xe83, 0x3716
0xe84, 0x3717
0xe85, 0x3718
0xe86, 0x3719
0xe87, 0x3720
0xe88, 0x3721
0xe89, 0x3722
0xe8a, 0x3723
0xe8b, 0x3724
0xe8c, 0x3725
0xe8d, 0x3726
0xe8e, 0x3727
0xe8f, 0x3728
0xe90, 0x3729
0xe91, 0x3730
0xe92, 0x3731
0xe93, 0x3732
0xe94, 0x3733
0xe95, 0x3734
0xe96, 0x3735
0xe97, 0x3736
0xe98, 0x3737
0xe99, 0x3738
0xe9a, 0x3739
0xe9b, 0x3740
0xe9c, 0x3741
0xe9d, 0x3742
0xe9e, 0x3743
0xe9f, 0x3744
0xea0, 0x3745
0xea1, 0x3746
0xea2, 0x3747
0xea3, 0x3748
0xea4, 0x3749
0xea5, 0x3750
0xea6, 0x3751
0xea7, 0x3752
0xea8, 0x3753
0xea9, 0x3754
0xeaa, 0x3755
0xeab, 0x3756
0xeac, 0x3757
0xead, 0x3758
0xeae, 0x3759
0xeaf, 0x3760
0xeb0, 0x3761
0xeb1, 0x3762
0xeb2, 0x3763
0xeb3, 0x3764
0xeb4, 0x3765
0xeb5, 0x3766
0xeb6, 0x3767
0xeb7, 0x3768
0xeb8, 0x3769
0xeb9, 0x3770
0xeba, 0x3771
0xebb, 0x3772
0xebc, 0x3773
0xebd, 0x3774
0xebe, 0x3775
0xebf, 0x3776
0xec0, 0x3777
0xec1, 0x3778
0xec2, 0x3779
0xec3, 0x3780
0xec4, 0x3781
0xec5, 0x3782
0xec6, 0x3783
0xec7, 0x3784
0xec8, 0x3785
0xec9, 0x3786
0xeca, 0x3787
0xecb, 0x3788
0xecc, 0x3789
0xecd, 0x3790
0xece, 0x3791
0xecf, 0x3792
0xed0, 0x3793
0xed1, 0x3794
0xed2, 0x3795
0xed3, 0x3796
0xed4, 0x3797
0xed5, 0x3798
0xed6, 0x3799
0xed7, 0x3800
0xed8, 0x3801
0xed9, 0x3802
0xeda, 0x3803
0xedb, 0x3804
0xedc, 0x3805
0xedd, 0x3806
0xede, 0x3807
0xedf, 0x3808
0xee0, 0x3809
0xee1, 0x3810
0xee2, 0x3811
0xee3, 0x3812
0xee4, 0x3813
0xee5, 0x3814
0xee6, 0x3815
0xee7, 0x3816
0xee8, 0x3817
0xee9, 0x3818
0xeea, 0x3819
0xeeb, 0x3820
0xeec, 0x3821
0xeed, 0x3822
0xeee, 0x3823
0xeef, 0x3824
0xef0, 0x3825
0xef1, 0x3826
0xef2, 0x3827
0xef3, 0x3828
0xef4, 0x3829
0xef5, 0x3830
0xef6, 0x3831
0xef7, 0x3832
0xef8, 0x3833
0xef9, 0x3834
0xefa, 0x3835
0xefb, 0x3836
0xefc, 0x3837
0xefd, 0x3838
0xefe, 0x3839
0xeff, 0x3840
0xf00, 0x3841
0xf01, 0x3842
0xf02, 0x3843
0xf03, 0x3844
0xf04, 0x3845
0xf05, 0x3846
0xf06, 0x3847
0xf07, 0x3848
0xf08, 0x3849
0xf09, 0x3850
0xf0a, 0x3851
0xf0b, 0x3852
0xf0c, 0x3853
0xf0d, 0x3854
0xf0e, 0x3855
0xf0f, 0x3856
0xf10, 0x3857
0xf11, 0x3858
0xf12, 0x3859
0xf13, 0x3860
0xf14, 0x3861
0xf15, 0x3862
0xf16, 0x3863
0xf17, 0x3864
0xf18, 0x3865
0xf19, 0x3866
0xf1a, 0x3867
0xf1b, 0x3868
0xf1c, 0x3869
0xf1d, 0x3870
0xf1e, 0x3871
0xf1f, 0x3872
0xf20, 0x3873
0xf21, 0x3874
0xf22, 0x3875
0xf23, 0x3876
0xf24, 0x3877
0xf25, 0x3878
0xf26, 0x3879
0xf27, 0x3880
0xf28, 0x3881
0xf29, 0x3882
0xf2a, 0x3883
0xf2b, 0x3884
0xf2c, 0x3885
0xf2d, 0x3886
0xf2e, 0x3887
0xf2f, 0x3888
0xf30, 0x3889
0xf31, 0x3890
0xf32, 0x3891
0xf33, 0x3892
0xf34, 0x3893
0xf35, 0x3894
0xf36, 0x3895
0xf37, 0x3896
0xf38, 0x3897
0xf39, 0x3898
0xf3a, 0x3899
0xf3b, 0x3900
0xf3c, 0x3901
0xf3d, 0x3902
0xf3e, 0x3903
0xf3f, 0x3904
0xf40, 0x3905
0xf41, 0x3906
0xf42, 0x3907
0xf43, 0x3908
0xf44, 0x3909
0xf45, 0x3910
0xf46, 0x3911
0xf47, 0x3912
0xf48, 0x3913
0xf49, 0x3914
0xf4a, 0x3915
0xf4b, 0x3916
0xf4c, 0x3917
0xf4d, 0x3918
0xf4e, 0x3919
0xf4f, 0x3920
0xf50, 0x3921
0xf51, 0x3922
0xf52, 0x3923
0xf53, 0x3924
0xf54, 0x3925
0xf55, 0x3926
0xf56, 0x3927
0xf57, 0x3928
0xf58, 0x3929
0xf59, 0x3930
0xf5a, 0x3931
0xf5b, 0x3932
0xf5c, 0x3933
0xf5d, 0x3934
0xf5e, 0x3935
0xf5f, 0x3936
0xf60, 0x3937
0xf61, 0x3938
0xf62, 0x3939
0xf63, 0x3940
0xf64, 0x3941
0xf65, 0x3942
0xf66, 0x3943
0xf67, 0x3944
0xf68, 0x3945
0xf69, 0x3946
0xf6a, 0x3947
0xf6b, 0x3948
0xf6c, 0x3949
0xf6d, 0x3950
0xf6e, 0x3951
0xf6f, 0x3952
0xf70, 0x3953
0xf71, 0x3954
0xf72, 0x3955
0xf73, 0x3956
0xf74, 0x3957
0xf75, 0x3958
0xf76, 0x3959
0xf77, 0x3960
0xf78, 0x3961
0xf79, 0x3962
0xf7a, 0x3963
0xf7b, 0x3964
0xf7c, 0x3965
0xf7d, 0x3966
0xf7e, 0x3967
0xf7f, 0x3968
0xf80, 0x3969
0xf81, 0x3970
0xf82, 0x3971
0xf83, 0x3972
0xf84, 0x3973
0xf85, 0x3974
0xf86, 0x3975
0xf87, 0x3976
0xf88, 0x3977
0xf89, 0x3978
0xf8a, 0x3979
0xf8b, 0x3980
0xf8c, 0x3981
0xf8d, 0x3982
0xf8e, 0x3983
0xf8f, 0x3984
0xf90, 0x3985
0xf91, 0x3986
0xf92, 0x3987
0xf93, 0x3988
0xf94, 0x3989
0xf95, 0x3990
0xf96, 0x3991
0xf97, 0x3992
0xf98, 0x3993
0xf99, 0x3994
0xf9a, 0x3995
0xf9b, 0x3996
0xf9c, 0x3997
0xf9d, 0x3998
0xf9e, 0x3999
0xf9f, 0x4000
0xfa0, 0x4001
0xfa1, 0x4002
0xfa2, 0x4003
0xfa3, 0x4004
0xfa4, 0x4005
0xfa5, 0x4006
0xfa6, 0x4007
0xfa7, 0x4008
0xfa8, 0x4009
0xfa9, 0x4010
0xfaa, 0x4011
0xfab, 0x4012
0xfac, 0x4013
0xfad, 0x4014
0xfae, 0x4015
0xfaf, 0x4016
0xfb0, 0x4017
0xfb1, 0x4018
0xfb2, 0x4019
0xfb3, 0x4020
0xfb4, 0x4021
0xfb5, 0x4022
0xfb6, 0x4023
0xfb7, 0x4024
0xfb8, 0x4025
0xfb9, 0x4026
0xfba, 0x4027
0xfbb, 0x4028
0xfbc, 0x4029
0xfbd, 0x4030
0xfbe, 0x4031
0xfbf, 0x4032
0xfc0, 0x4033
0xfc1, 0x4034
0xfc2, 0x4035
0xfc3, 0x4036
0xfc4, 0x4037
0xfc5, 0x4038
0xfc6, 0x4039
0xfc7, 0x4040
0xfc8, 0x4041
0xfc9, 0x4042
0xfca, 0x4043
0xfcb, 0x4044
0xfcc, 0x4045
0xfcd, 0x4046
0xfce, 0x4047
0xfcf, 0x4048
0xfd0, 0x4049
0xfd1, 0x4050
0xfd2, 0x4051
0xfd3, 0x4052
0xfd4, 0x4053
0xfd5, 0x4054
0xfd6, 0x4055
0xfd7, 0x4056
0xfd8, 0x4057
0xfd9, 0x4058
0xfda, 0x4059
0xfdb, 0x4060
0xfdc, 0x4061
0xfdd, 0x4062
0xfde, 0x4063
0xfdf, 0x4064
0xfe0, 0x4065
0xfe1, 0x4066
0xfe2, 0x4067
0xfe3, 0x4068
0xfe4, 0x4069
0xfe5, 0x4070
0xfe6, 0x4071
0xfe7, 0x4072
0xfe8, 0x4073
0xfe9, 0x4074
0xfea, 0x4075
0xfeb, 0x4076
0xfec, 0x4077
0xfed, 0x4078
0xfee, 0x4079
0xfef, 0x4080
0xff0, 0x4081
0xff1, 0x4082
0xff2, 0x4083
0xff3, 0x4084
0xff4, 0x4085
0xff5, 0x4086
0xff6, 0x4087
0xff7, 0x4088
0xff8, 0x4089
0xff9, 0x4090
0xffa, 0x4091
0xffb, 0x4092
0xffc, 0x4093
0xffd, 0x4094
0xffe, 0x4095
0xfff, 0x4096
0x1000, 0x4097
0x1001, 0x4098
0x1002, 0x4099
0x1003, 0x4100
0x1004, 0x4101
0x1005, 0x4102
0x1006, 0x4103
0x1007, 0x4104
0x1008, 0x4105
0x1009, 0x4106
0x100a, 0x4107
0x100b, 0x4108
0x100c, 0x4109
0x100d, 0x4110
0x100e, 0x4111
0x100f, 0x4112
0x1010, 0x4113
0x1011, 0x4114
0x1012, 0x4115
0x1013, 0x4116
0x1014, 0x4117
0x1015, 0x4118
0x1016, 0x4119
0x1017, 0x4120
0x1018, 0x4121
0x1019, 0x4122
0x101a, 0x4123
0x101b, 0x4124
0x101c, 0x4125
0x101d, 0x4126
0x101e, 0x4127
0x101f, 0x4128
0x1020, 0x4129
0x1021, 0x4130
0x1022, 0x4131
0x1023, 0x4132
0x1024, 0x4133
0x1025, 0x4134
0x1026, 0x4135
0x1027, 0x4136
0x1028, 0x4137
0x1029, 0x4138
0x102a, 0x4139
0x102b, 0x4140
0x102c, 0x4141
0x102d, 0x4142
0x102e, 0x4143
0x102f, 0x4144
0x1030, 0x4145
0x1031, 0x4146
0x1032, 0x4147
0x1033, 0x4148
0x1034, 0x4149
0x1035, 0x4150
0x1036, 0x4151
0x1037, 0x4152
0x1038, 0x4153
0x1039, 0x4154
0x103a, 0x4155
0x103b, 0x4156
0x103c, 0x4157
0x103d, 0x4158
0x103e, 0x4159
0x103f, 0x4160
0x1040, 0x4161
0x1041, 0x4162
0x1042, 0x4163
0x1043, 0x4164
0x1044, 0x4165
0x1045, 0x4166
0x1046, 0x4167
0x1047, 0x4168
0x1048, 0x4169
0x1049, 0x4170
0x104a, 0x4171
0x104b, 0x4172
0x104c, 0x4173
0x104d, 0x4174
0x104e, 0x4175
0x104f, 0x4176
0x1050, 0x4177
0x1051, 0x4178
0x1052, 0x4179
0x1053, 0x4180
0x1054, 0x4181
0x1055, 0x4182
0x1056, 0x4183
0x1057, 0x4184
0x1058, 0x4185
0x1059, 0x4186
0x105a, 0x4187
0x105b, 0x4188
0x105c, 0x4189
0x105d, 0x4190
0x105e, 0x4191
0x105f, 0x4192
0x1060, 0x4193
0x1061, 0x4194
0x1062, 0x4195
0x1063, 0x4196
0x1064, 0x4197
0x1065, 0x4198
0x1066, 0x4199
0x1067, 0x4200
0x1068, 0x4201
0x1069, 0x4202
0x106a, 0x4203
0x106b, 0x4204
0x106c, 0x4205
0x106d, 0x4206
0x106e, 0x4207
0x106f, 0x4208
0x1070, 0x4209
0x1071, 0x4210
0x1072, 0x4211
0x1073, 0x4212
0x1074, 0x4213
0x1075, 0x4214
0x1076, 0x4215
0x1077, 0x4216
0x1078, 0x4217
0x1079, 0x4218
0x107a, 0x4219
0x107b, 0x4220
0x107c, 0x4221
0x107d, 0x4222
0x107e, 0x4223
0x107f, 0x4224
0x1080, 0x4225
0x1081, 0x4226
0x1082, 0x4227
0x1083, 0x4228
0x1084, 0x4229
0x1085, 0x4230
0x1086, 0x4231
0x1087, 0x4232
0x1088, 0x4233
0x1089, 0x4234
0x108a, 0x4235
0x108b, 0x4236
0x108c, 0x4237
0x108d, 0x4238
0x108e, 0x4239
0x108f, 0x4240
0x1090, 0x4241
0x1091, 0x4242
0x1092, 0x4243
0x1093, 0x4244
0x1094, 0x4245
0x1095, 0x4246
0x1096, 0x4247
0x1097, 0x4248
0x1098, 0x4249
0x1099, 0x4250
0x109a, 0x4251
0x109b, 0x4252
0x109c, 0x4253
0x109d, 0x4254
0x109e, 0x4255
0x109f, 0x4256
0x10a0, 0x4257
0x10a1, 0x4258
0x10a2, 0x4259
0x10a3, 0x4260
0x10a4, 0x4261
0x10a5, 0x4262
0x10a6, 0x4263
0x10a7, 0x4264
0x10a8, 0x4265
0x10a9, 0x4266
0x10aa, 0x4267
0x10ab, 0x4268
0x10ac, 0x4269
0x10ad, 0x4270
0x10ae, 0x4271
0x10af, 0x4272
0x10b0, 0x4273
0x10b1, 0x4274
0x10b2, 0x4275
0x10b3, 0x4276
0x10b4, 0x4277
0x10b5, 0x4278
0x10b6, 0x4279
0x10b7, 0x4280
0x10b8, 0x4281
0x10b9, 0x4282
0x10ba, 0x4283
0x10bb, 0x4284
0x10bc, 0x4285
0x10bd, 0x4286
0x10be, 0x4287
0x10bf, 0x4288
0x10c0, 0x4289
0x10c1, 0x4290
0x10c2, 0x4291
0x10c3, 0x4292
0x10c4, 0x4293
0x10c5, 0x4294
0x10c6, 0x4295
0x10c7, 0x4296
0x10c8, 0x4297
0x10c9, 0x4298
0x10ca, 0x4299
0x10cb, 0x4300
0x10cc, 0x4301
0x10cd, 0x4302
0x10ce, 0x4303
0x10cf, 0x4304
0x10d0, 0x4305
0x10d1, 0x4306
0x10d2, 0x4307
0x10d3, 0x4308
0x10d4, 0x4309
0x10d5, 0x4310
0x10d6, 0x4311
0x10d7, 0x4312
0x10d8, 0x4313
0x10d9, 0x4314
0x10da, 0x4315
0x10db, 0x4316
0x10dc, 0x4317
0x10dd, 0x4318
0x10de, 0x4319
0x10df, 0x4320
0x10e0, 0x4321
0x10e1, 0x4322
0x10e2, 0x4323
0x10e3, 0x4324
0x10e4, 0x4325
0x10e5, 0x4326
0x10e6, 0x4327
0x10e7, 0x4328
0x10e8, 0x4329
0x10e9, 0x4330
0x10ea, 0x4331
0x10eb, 0x4332
0x10ec, 0x4333
0x10ed, 0x4334
0x10ee, 0x4335
0x10ef, 0x4336
0x10f0, 0x4337
0x10f1, 0x4338
0x10f2, 0x4339
0x10f3, 0x4340
0x10f4, 0x4341
0x10f5, 0x4342
0x10f6, 0x4343
0x10f7, 0x4344
0x10f8, 0x4345
0x10f9, 0x4346
0x10fa, 0x4347
0x10fb, 0x4348
0x10fc, 0x4349
0x10fd, 0x4350
0x10fe, 0x4351
0x10ff, 0x4352
0x1100, 0x4353
0x1101, 0x4354
0x1102, 0x4355
0x1103, 0x4356
0x1104, 0x4357
0x1105, 0x4358
0x1106, 0x4359
0x1107, 0x4360
0x1108, 0x4361
0x1109, 0x4362
0x110a, 0x4363
0x110b, 0x4364
0x110c, 0x4365
0x110d, 0x4366
0x110e, 0x4367
0x110f, 0x4368
0x1110, 0x4369
0x1111, 0x4370
0x1112, 0x4371
0x1113, 0x4372
0x1114, 0x4373
0x1115, 0x4374
0x1116, 0x4375
0x1117, 0x4376
0x1118, 0x4377
0x1119, 0x4378
0x111a, 0x4379
0x111b, 0x4380
0x111c, 0x4381
0x111d, 0x4382
0x111e, 0x4383
0x111f, 0x4384
0x1120, 0x4385
0x1121, 0x4386
0x1122, 0x4387
0x1123, 0x4388
0x1124, 0x4389
0x1125, 0x4390
0x1126, 0x4391
0x1127, 0x4392
0x1128, 0x4393
0x1129, 0x4394
0x112a, 0x4395
0x112b, 0x4396
0x112c, 0x4397
0x112d, 0x4398
0x112e, 0x4399
0x112f, 0x4400
0x1130, 0x4401
0x1131, 0x4402
0x1132, 0x4403
0x1133, 0x4404
0x1134, 0x4405
0x1135, 0x4406
0x1136, 0x4407
0x1137, 0x4408
0x1138, 0x4409
0x1139, 0x4410
0x113a, 0x4411
0x113b, 0x4412
0x113c, 0x4413
0x113d, 0x4414
0x113e, 0x4415
0x113f, 0x4416
0x1140, 0x4417
0x1141, 0x4418
0x1142, 0x4419
0x1143, 0x4420
0x1144, 0x4421
0x1145, 0x4422
0x1146, 0x4423
0x1147, 0x4424
0x1148, 0x4425
0x1149, 0x4426
0x114a, 0x4427
0x114b, 0x4428
0x114c, 0x4429
0x114d, 0x4430
0x114e, 0x4431
0x114f, 0x4432
0x1150, 0x4433
0x1151, 0x4434
0x1152, 0x4435
0x1153, 0x4436
0x1154, 0x4437
0x1155, 0x4438
0x1156, 0x4439
0x1157, 0x4440
0x1158, 0x4441
0x1159, 0x4442
0x115a, 0x4443
0x115b, 0x4444
0x115c, 0x4445
0x115d, 0x4446
0x115e, 0x4447
0x115f, 0x4448
0x1160, 0x4449
0x1161, 0x4450
0x1162, 0x4451
0x1163, 0x4452
0x1164, 0x4453
0x1165, 0x4454
0x1166, 0x4455
0x1167, 0x4456
0x1168, 0x4457
0x1169, 0x4458
0x116a, 0x4459
0x116b, 0x4460
0x116c, 0x4461
0x116d, 0x4462
0x116e, 0x4463
0x116f, 0x4464
0x1170, 0x4465
0x1171, 0x4466
0x1172, 0x4467
0x1173, 0x4468
0x1174, 0x4469
0x1175, 0x4470
0x1176, 0x4471
0x1177, 0x4472
0x1178, 0x4473
0x1179, 0x4474
0x117a, 0x4475
0x117b, 0x4476
0x117c, 0x4477
0x117d, 0x4478
0x117e, 0x4479
0x117f, 0x4480
0x1180, 0x4481
0x1181, 0x4482
0x1182, 0x4483
0x1183, 0x4484
0x1184, 0x4485
0x1185, 0x4486
0x1186, 0x4487
0x1187, 0x4488
0x1188, 0x4489
0x1189, 0x4490
0x118a, 0x4491
0x118b, 0x4492
0x118c, 0x4493
0x118d, 0x4494
0x118e, 0x4495
0x118f, 0x4496
0x1190, 0x4497
0x1191, 0x4498
0x1192, 0x4499
0x1193, 0x4500
0x1194, 0x4501
0x1195, 0x4502
0x1196, 0x4503
0x1197, 0x4504
0x1198, 0x4505
0x1199, 0x4506
0x119a, 0x4507
0x119b, 0x4508
0x119c, 0x4509
0x119d, 0x4510
0x119e, 0x4511
0x119f, 0x4512
0x11a0, 0x4513
0x11a1, 0x4514
0x11a2, 0x4515
0x11a3, 0x4516
0x11a4, 0x4517
0x11a5, 0x4518
0x11a6, 0x4519
0x11a7, 0x4520
0x11a8, 0x4521
0x11a9, 0x4522
0x11aa, 0x4523
0x11ab, 0x4524
0x11ac, 0x4525
0x11ad, 0x4526
0x11ae, 0x4527
0x11af, 0x4528
0x11b0, 0x4529
0x11b1, 0x4530
0x11b2, 0x4531
0x11b3, 0x4532
0x11b4, 0x4533
0x11b5, 0x4534
0x11b6, 0x4535
0x11b7, 0x4536
0x11b8, 0x4537
0x11b9, 0x4538
0x11ba, 0x4539
0x11bb, 0x4540
0x11bc, 0x4541
0x11bd, 0x4542
0x11be, 0x4543
0x11bf, 0x4544
0x11c0, 0x4545
0x11c1, 0x4546
0x11c2, 0x4547
0x11c3, 0x4548
0x11c4, 0x4549
0x11c5, 0x4550
0x11c6, 0x4551
0x11c7, 0x4552
0x11c8, 0x4553
0x11c9, 0x4554
0x11ca, 0x4555
0x11cb, 0x4556
0x11cc, 0x4557
0x11cd, 0x4558
0x11ce, 0x4559
0x11cf, 0x4560
0x11d0, 0x4561
0x11d1, 0x4562
0x11d2, 0x4563
0x11d3, 0x4564
0x11d4, 0x4565
0x11d5, 0x4566
0x11d6, 0x4567
0x11d7, 0x4568
0x11d8, 0x4569
0x11d9, 0x4570
0x11da, 0x4571
0x11db, 0x4572
0x11dc, 0x4573
0x11dd, 0x4574
0x11de, 0x4575
0x11df, 0x4576
0x11e0, 0x4577
0x11e1, 0x4578
0x11e2, 0x4579
0x11e3, 0x4580
0x11e4, 0x4581
0x11e5, 0x4582
0x11e6, 0x4583
0x11e7, 0x4584
0x11e8, 0x4585
0x11e9, 0x4586
0x11ea, 0x4587
0x11eb, 0x4588
0x11ec, 0x4589
0x11ed, 0x4590
0x11ee, 0x4591
0x11ef, 0x4592
0x11f0, 0x4593
0x11f1, 0x4594
0x11f2, 0x4595
0x11f3, 0x4596
0x11f4, 0x4597
0x11f5, 0x4598
0x11f6, 0x4599
0x11f7, 0x4600
0x11f8, 0x4601
0x11f9, 0x4602
0x11fa, 0x4603
0x11fb, 0x4604
0x11fc, 0x4605
0x11fd, 0x4606
0x11fe, 0x4607
0x11ff, 0x4608
0x1200, 0x4609
0x1201, 0x4610
0x1202, 0x4611
0x1203, 0x4612
0x1204, 0x4613
0x1205, 0x4614
0x1206, 0x4615
0x1207, 0x4616
0x1208, 0x4617
0x1209, 0x4618
0x120a, 0x4619
0x120b, 0x4620
0x120c, 0x4621
0x120d, 0x4622
0x120e, 0x4623
0x120f, 0x4624
0x1210, 0x4625
0x1211, 0x4626
0x1212, 0x4627
0x1213, 0x4628
0x1214, 0x4629
0x1215, 0x4630
0x1216, 0x4631
0x1217, 0x4632
0x1218, 0x4633
0x1219, 0x4634
0x121a, 0x4635
0x121b, 0x4636
0x121c, 0x4637
0x121d, 0x4638
0x121e, 0x4639
0x121f, 0x4640
0x1220, 0x4641
0x1221, 0x4642
0x1222, 0x4643
0x1223, 0x4644
0x1224, 0x4645
0x1225, 0x4646
0x1226, 0x4647
0x1227, 0x4648
0x1228, 0x4649
0x1229, 0x4650
0x122a, 0x4651
0x122b, 0x4652
0x122c, 0x4653
0x122d, 0x4654
0x122e, 0x4655
0x122f, 0x4656
0x1230, 0x4657
0x1231, 0x4658
0x1232, 0x4659
0x1233, 0x4660
0x1234, 0x4661
0x1235, 0x4662
0x1236, 0x4663
0x1237, 0x4664
0x1238, 0x4665
0x1239, 0x4666
0x123a, 0x4667
0x123b, 0x4668
0x123c, 0x4669
0x123d, 0x4670
0x123e, 0x4671
0x123f, 0x4672
0x1240, 0x4673
0x1241, 0x4674
0x1242, 0x4675
0x1243, 0x4676
0x1244, 0x4677
0x1245, 0x4678
0x1246, 0x4679
0x1247, 0x4680
0x1248, 0x4681
0x1249, 0x4682
0x124a, 0x4683
0x124b, 0x4684
0x124c, 0x4685
0x124d, 0x4686
0x124e, 0x4687
0x124f, 0x4688
0x1250, 0x4689
0x1251, 0x4690
0x1252, 0x4691
0x1253, 0x4692
0x1254, 0x4693
0x1255, 0x4694
0x1256, 0x4695
0x1257, 0x4696
0x1258, 0x4697
0x1259, 0x4698
0x125a, 0x4699
0x125b, 0x4700
0x125c, 0x4701
0x125d, 0x4702
0x125e, 0x4703
0x125f, 0x4704
0x1260, 0x4705
0x1261, 0x4706
0x1262, 0x4707
0x1263, 0x4708
0x1264, 0x4709
0x1265, 0x4710
0x1266, 0x4711
0x1267, 0x4712
0x1268, 0x4713
0x1269, 0x4714
0x126a, 0x4715
0x126b, 0x4716
0x126c, 0x4717
0x126d, 0x4718
0x126e, 0x4719
0x126f, 0x4720
0x1270, 0x4721
0x1271, 0x4722
0x1272, 0x4723
0x1273, 0x4724
0x1274, 0x4725
0x1275, 0x4726
0x1276, 0x4727
0x1277, 0x4728
0x1278, 0x4729
0x1279, 0x4730
0x127a, 0x4731
0x127b, 0x4732
0x127c, 0x4733
0x127d, 0x4734
0x127e, 0x4735
0x127f, 0x4736
0x1280, 0x4737
0x1281, 0x4738
0x1282, 0x4739
0x1283, 0x4740
0x1284, 0x4741
0x1285, 0x4742
0x1286, 0x4743
0x1287, 0x4744
0x1288, 0x4745
0x1289, 0x4746
0x128a, 0x4747
0x128b, 0x4748
0x128c, 0x4749
0x128d, 0x4750
0x128e, 0x4751
0x128f, 0x4752
0x1290, 0x4753
0x1291, 0x4754
0x1292, 0x4755
0x1293, 0x4756
0x1294, 0x4757
0x1295, 0x4758
0x1296, 0x4759
0x1297, 0x4760
0x1298, 0x4761
0x1299, 0x4762
0x129a, 0x4763
0x129b, 0x4764
0x129c, 0x4765
0x129d, 0x4766
0x129e, 0x4767
0x129f, 0x4768
0x12a0, 0x4769
0x12a1, 0x4770
0x12a2, 0x4771
0x12a3, 0x4772
0x12a4, 0x4773
0x12a5, 0x4774
0x12a6, 0x4775
0x12a7, 0x4776
0x12a8, 0x4777
0x12a9, 0x4778
0x12aa, 0x4779
0x12ab, 0x4780
0x12ac, 0x4781
0x12ad, 0x4782
0x12ae, 0x4783
0x12af, 0x4784
0x12b0, 0x4785
0x12b1, 0x4786
0x12b2, 0x4787
0x12b3, 0x4788
0x12b4, 0x4789
0x12b5, 0x4790
0x12b6, 0x4791
0x12b7, 0x4792
0x12b8, 0x4793
0x12b9, 0x4794
0x12ba, 0x4795
0x12bb, 0x4796
0x12bc, 0x4797
0x12bd, 0x4798
0x12be, 0x4799
0x12bf, 0x4800
0x12c0, 0x4801
0x12c1, 0x4802
0x12c2, 0x4803
0x12c3, 0x4804
0x12c4, 0x4805
0x12c5, 0x4806
0x12c6, 0x4807
0x12c7, 0x4808
0x12c8, 0x4809
0x12c9, 0x4810
0x12ca, 0x4811
0x12cb, 0x4812
0x12cc, 0x4813
0x12cd, 0x4814
0x12ce, 0x4815
0x12cf, 0x4816
0x12d0, 0x4817
0x12d1, 0x4818
0x12d2, 0x4819
0x12d3, 0x4820
0x12d4, 0x4821
0x12d5, 0x4822
0x12d6, 0x4823
0x12d7, 0x4824
0x12d8, 0x4825
0x12d9, 0x4826
0x12da, 0x4827
0x12db, 0x4828
0x12dc, 0x4829
0x12dd, 0x4830
0x12de, 0x4831
0x12df, 0x4832
0x12e0, 0x4833
0x12e1, 0x4834
0x12e2, 0x4835
0x12e3, 0x4836
0x12e4, 0x4837
0x12e5, 0x4838
0x12e6, 0x4839
0x12e7, 0x4840
0x12e8, 0x4841
0x12e9, 0x4842
0x12ea, 0x4843
0x12eb, 0x4844
0x12ec, 0x4845
0x12ed, 0x4846
0x12ee, 0x4847
0x12ef, 0x4848
0x12f0, 0x4849
0x12f1, 0x4850
0x12f2, 0x4851
0x12f3, 0x4852
0x12f4, 0x4853
0x12f5, 0x4854
0x12f6, 0x4855
0x12f7, 0x4856
0x12f8, 0x4857
0x12f9, 0x4858
0x12fa, 0x4859
0x12fb, 0x4860
0x12fc, 0x4861
0x12fd, 0x4862
0x12fe, 0x4863
0x12ff, 0x4864
0x1300, 0x4865
0x1301, 0x4866
0x1302, 0x4867
0x1303, 0x4868
0x1304, 0x4869
0x1305, 0x4870
0x1306, 0x4871
0x1307, 0x4872
0x1308, 0x4873
0x1309, 0x4874
0x130a, 0x4875
0x130b, 0x4876
0x130c, 0x4877
0x130d, 0x4878
0x130e, 0x4879
0x130f, 0x4880
0x1310, 0x4881
0x1311, 0x4882
0x1312, 0x4883
0x1313, 0x4884
0x1314, 0x4885
0x1315, 0x4886
0x1316, 0x4887
0x1317, 0x4888
0x1318, 0x4889
0x1319, 0x4890
0x131a, 0x4891
0x131b, 0x4892
0x131c, 0x4893
0x131d, 0x4894
0x131e, 0x4895
0x131f, 0x4896
0x1320, 0x4897
0x1321, 0x4898
0x1322, 0x4899
0x1323, 0x4900
0x1324, 0x4901
0x1325, 0x4902
0x1326, 0x4903
0x1327, 0x4904
0x1328, 0x4905
0x1329, 0x4906
0x132a, 0x4907
0x132b, 0x4908
0x132c, 0x4909
0x132d, 0x4910
0x132e, 0x4911
0x132f, 0x4912
0x1330, 0x4913
0x1331, 0x4914
0x1332, 0x4915
0x1333, 0x4916
0x1334, 0x4917
0x1335, 0x4918
0x1336, 0x4919
0x1337, 0x4920
0x1338, 0x4921
0x1339, 0x4922
0x133a, 0x4923
0x133b, 0x4924
0x133c, 0x4925
0x133d, 0x4926
0x133e, 0x4927
0x133f, 0x4928
0x1340, 0x4929
0x1341, 0x4930
0x1342, 0x4931
0x1343, 0x4932
0x1344, 0x4933
0x1345, 0x4934
0x1346, 0x4935
0x1347, 0x4936
0x1348, 0x4937
0x1349, 0x4938
0x134a, 0x4939
0x134b, 0x4940
0x134c, 0x4941
0x134d, 0x4942
0x134e, 0x4943
0x134f, 0x4944
0x1350, 0x4945
0x1351, 0x4946
0x1352, 0x4947
0x1353, 0x4948
0x1354, 0x4949
0x1355, 0x4950
0x1356, 0x4951
0x1357, 0x4952
0x1358, 0x4953
0x1359, 0x4954
0x135a, 0x4955
0x135b, 0x4956
0x135c, 0x4957
0x135d, 0x4958
0x135e, 0x4959
0x135f, 0x4960
0x1360, 0x4961
0x1361, 0x4962
0x1362, 0x4963
0x1363, 0x4964
0x1364, 0x4965
0x1365, 0x4966
0x1366, 0x4967
0x1367, 0x4968
0x1368, 0x4969
0x1369, 0x4970
0x136a, 0x4971
0x136b, 0x4972
0x136c, 0x4973
0x136d, 0x4974
0x136e, 0x4975
0x136f, 0x4976
0x1370, 0x4977
0x1371, 0x4978
0x1372, 0x4979
0x1373, 0x4980
0x1374, 0x4981
0x1375, 0x4982
0x1376, 0x4983
0x1377, 0x4984
0x1378, 0x4985
0x1379, 0x4986
0x137a, 0x4987
0x137b, 0x4988
0x137c, 0x4989
0x137d, 0x4990
0x137e, 0x4991
0x137f, 0x4992
0x1380, 0x4993
0x1381, 0x4994
0x1382, 0x4995
0x1383, 0x4996
0x1384, 0x4997
0x1385, 0x4998
0x1386, 0x4999
0x1387, 0x5000
0x1388, 0x5001
0x1389, 0x5002
0x138a, 0x5003
0x138b, 0x5004
0x138c, 0x5005
0x138d, 0x5006
0x138e, 0x5007
0x138f, 0x5008
0x1390, 0x5009
0x1391, 0x5010
0x1392, 0x5011
0x1393, 0x5012
0x1394, 0x5013
0x1395, 0x5014
0x1396, 0x5015
0x1397, 0x5016
0x1398, 0x5017
0x1399, 0x5018
0x139a, 0x5019
0x139b, 0x5020
0x139c, 0x5021
0x139d, 0x5022
0x139e, 0x5023
0x139f, 0x5024
0x13a0, 0x5025
0x13a1, 0x5026
0x13a2, 0x5027
0x13a3, 0x5028
0x13a4, 0x5029
0x13a5, 0x5030
0x13a6, 0x5031
0x13a7, 0x5032
0x13a8, 0x5033
0x13a9, 0x5034
0x13aa, 0x5035
0x13ab, 0x5036
0x13ac, 0x5037
0x13ad, 0x5038
0x13ae, 0x5039
0x13af, 0x5040
0x13b0, 0x5041
0x13b1, 0x5042
0x13b2, 0x5043
0x13b3, 0x5044
0x13b4, 0x5045
0x13b5, 0x5046
0x13b6, 0x5047
0x13b7, 0x5048
0x13b8, 0x5049
0x13b9, 0x5050
0x13ba, 0x5051
0x13bb, 0x5052
0x13bc, 0x5053
0x13bd, 0x5054
0x13be, 0x5055
0x13bf, 0x5056
0x13c0, 0x5057
0x13c1, 0x5058
0x13c2, 0x5059
0x13c3, 0x5060
0x13c4, 0x5061
0x13c5, 0x5062
0x13c6, 0x5063
0x13c7, 0x5064
0x13c8, 0x5065
0x13c9, 0x5066
0x13ca, 0x5067
0x13cb, 0x5068
0x13cc, 0x5069
0x13cd, 0x5070
0x13ce, 0x5071
0x13cf, 0x5072
0x13d0, 0x5073
0x13d1, 0x5074
0x13d2, 0x5075
0x13d3, 0x5076
0x13d4, 0x5077
0x13d5, 0x5078
0x13d6, 0x5079
0x13d7, 0x5080
0x13d8, 0x5081
0x13d9, 0x5082
0x13da, 0x5083
0x13db, 0x5084
0x13dc, 0x5085
0x13dd, 0x5086
0x13de, 0x5087
0x13df, 0x5088
0x13e0, 0x5089
0x13e1, 0x5090
0x13e2, 0x5091
0x13e3, 0x5092
0x13e4, 0x5093
0x13e5, 0x5094
0x13e6, 0x5095
0x13e7, 0x5096
0x13e8, 0x5097
0x13e9, 0x5098
0x13ea, 0x5099
0x13eb, 0x5100
0x13ec, 0x5101
0x13ed, 0x5102
0x13ee, 0x5103
0x13ef, 0x5104
0x13f0, 0x5105
0x13f1, 0x5106
0x13f2, 0x5107
0x13f3, 0x5108
0x13f4, 0x5109
0x13f5, 0x5110
0x13f6, 0x5111
0x13f7, 0x5112
0x13f8, 0x5113
0x13f9, 0x5114
0x13fa, 0x5115
0x13fb, 0x5116
0x13fc, 0x5117
0x13fd, 0x5118
0x13fe, 0x5119
0x13ff, 0x5120
0x1400, 0x5121
0x1401, 0x5122
0x1402, 0x5123
0x1403, 0x5124
0x1404, 0x5125
0x1405, 0x5126
0x1406, 0x5127
0x1407, 0x5128
0x1408, 0x5129
0x1409, 0x5130
0x140a, 0x5131
0x140b, 0x5132
0x140c, 0x5133
0x140d, 0x5134
0x140e, 0x5135
0x140f, 0x5136
0x1410, 0x5137
0x1411, 0x5138
0x1412, 0x5139
0x1413, 0x5140
0x1414, 0x5141
0x1415, 0x5142
0x1416, 0x5143
0x1417, 0x5144
0x1418, 0x5145
0x1419, 0x5146
0x141a, 0x5147
0x141b, 0x5148
0x141c, 0x5149
0x141d, 0x5150
0x141e, 0x5151
0x141f, 0x5152
0x1420, 0x5153
0x1421, 0x5154
0x1422, 0x5155
0x1423, 0x5156
0x1424, 0x5157
0x1425, 0x5158
0x1426, 0x5159
0x1427, 0x5160
0x1428, 0x5161
0x1429, 0x5162
0x142a, 0x5163
0x142b, 0x5164
0x142c, 0x5165
0x142d, 0x5166
0x142e, 0x5167
0x142f, 0x5168
0x1430, 0x5169
0x1431, 0x5170
0x1432, 0x5171
0x1433, 0x5172
0x1434, 0x5173
0x1435, 0x5174
0x1436, 0x5175
0x1437, 0x5176
0x1438, 0x5177
0x1439, 0x5178
0x143a, 0x5179
0x143b, 0x5180
0x143c, 0x5181
0x143d, 0x5182
0x143e, 0x5183
0x143f, 0x5184
0x1440, 0x5185
0x1441, 0x5186
0x1442, 0x5187
0x1443, 0x5188
0x1444, 0x5189
0x1445, 0x5190
0x1446, 0x5191
0x1447, 0x5192
0x1448, 0x5193
0x1449, 0x5194
0x144a, 0x5195
0x144b, 0x5196
0x144c, 0x5197
0x144d, 0x5198
0x144e, 0x5199
0x144f, 0x5200
0x1450, 0x5201
0x1451, 0x5202
0x1452, 0x5203
0x1453, 0x5204
0x1454, 0x5205
0x1455, 0x5206
0x1456, 0x5207
0x1457, 0x5208
0x1458, 0x5209
0x1459, 0x5210
0x145a, 0x5211
0x145b, 0x5212
0x145c, 0x5213
0x145d, 0x5214
0x145e, 0x5215
0x145f, 0x5216
0x1460, 0x5217
0x1461, 0x5218
0x1462, 0x5219
0x1463, 0x5220
0x1464, 0x5221
0x1465, 0x5222
0x1466, 0x5223
0x1467, 0x5224
0x1468, 0x5225
0x1469, 0x5226
0x146a, 0x5227
0x146b, 0x5228
0x146c, 0x5229
0x146d, 0x5230
0x146e, 0x5231
0x146f, 0x5232
0x1470, 0x5233
0x1471, 0x5234
0x1472, 0x5235
0x1473, 0x5236
0x1474, 0x5237
0x1475, 0x5238
0x1476, 0x5239
0x1477, 0x5240
0x1478, 0x5241
0x1479, 0x5242
0x147a, 0x5243
0x147b, 0x5244
0x147c, 0x5245
0x147d, 0x5246
0x147e, 0x5247
0x147f, 0x5248
0x1480, 0x5249
0x1481, 0x5250
0x1482, 0x5251
0x1483, 0x5252
0x1484, 0x5253
0x1485, 0x5254
0x1486, 0x5255
0x1487, 0x5256
0x1488, 0x5257
0x1489, 0x5258
0x148a, 0x5259
0x148b, 0x5260
0x148c, 0x5261
0x148d, 0x5262
0x148e, 0x5263
0x148f, 0x5264
0x1490, 0x5265
0x1491, 0x5266
0x1492, 0x5267
0x1493, 0x5268
0x1494, 0x5269
0x1495, 0x5270
0x1496, 0x5271
0x1497, 0x5272
0x1498, 0x5273
0x1499, 0x5274
0x149a, 0x5275
0x149b, 0x5276
0x149c, 0x5277
0x149d, 0x5278
0x149e, 0x5279
0x149f, 0x5280
0x14a0, 0x5281
0x14a1, 0x5282
0x14a2, 0x5283
0x14a3, 0x5284
0x14a4, 0x5285
0x14a5, 0x5286
0x14a6, 0x5287
0x14a7, 0x5288
0x14a8, 0x5289
0x14a9, 0x5290
0x14aa, 0x5291
0x14ab, 0x5292
0x14ac, 0x5293
0x14ad, 0x5294
0x14ae, 0x5295
0x14af, 0x5296
0x14b0, 0x5297
0x14b1, 0x5298
0x14b2, 0x5299
0x14b3, 0x5300
0x14b4, 0x5301
0x14b5, 0x5302
0x14b6, 0x5303
0x14b7, 0x5304
0x14b8, 0x5305
0x14b9, 0x5306
0x14ba, 0x5307
0x14bb, 0x5308
0x14bc, 0x5309
0x14bd, 0x5310
0x14be, 0x5311
0x14bf, 0x5312
0x14c0, 0x5313
0x14c1, 0x5314
0x14c2, 0x5315
0x14c3, 0x5316
0x14c4, 0x5317
0x14c5, 0x5318
0x14c6, 0x5319
0x14c7, 0x5320
0x14c8, 0x5321
0x14c9, 0x5322
0x14ca, 0x5323
0x14cb, 0x5324
0x14cc, 0x5325
0x14cd, 0x5326
0x14ce, 0x5327
0x14cf, 0x5328
0x14d0, 0x5329
0x14d1, 0x5330
0x14d2, 0x5331
0x14d3, 0x5332
0x14d4, 0x5333
0x14d5, 0x5334
0x14d6, 0x5335
0x14d7, 0x5336
0x14d8, 0x5337
0x14d9, 0x5338
0x14da, 0x5339
0x14db, 0x5340
0x14dc, 0x5341
0x14dd, 0x5342
0x14de, 0x5343
0x14df, 0x5344
0x14e0, 0x5345
0x14e1, 0x5346
0x14e2, 0x5347
0x14e3, 0x5348
0x14e4, 0x5349
0x14e5, 0x5350
0x14e6, 0x5351
0x14e7, 0x5352
0x14e8, 0x5353
0x14e9, 0x5354
0x14ea, 0x5355
0x14eb, 0x5356
0x14ec, 0x5357
0x14ed, 0x5358
0x14ee, 0x5359
0x14ef, 0x5360
0x14f0, 0x5361
0x14f1, 0x5362
0x14f2, 0x5363
0x14f3, 0x5364
0x14f4, 0x5365
0x14f5, 0x5366
0x14f6, 0x5367
0x14f7, 0x5368
0x14f8, 0x5369
0x14f9, 0x5370
0x14fa, 0x5371
0x14fb, 0x5372
0x14fc, 0x5373
0x14fd, 0x5374
0x14fe, 0x5375
0x14ff, 0x5376
0x1500, 0x5377
0x1501, 0x5378
0x1502, 0x5379
0x1503, 0x5380
0x1504, 0x5381
0x1505, 0x5382
0x1506, 0x5383
0x1507, 0x5384
0x1508, 0x5385
0x1509, 0x5386
0x150a, 0x5387
0x150b, 0x5388
0x150c, 0x5389
0x150d, 0x5390
0x150e, 0x5391
0x150f, 0x5392
0x1510, 0x5393
0x1511, 0x5394
0x1512, 0x5395
0x1513, 0x5396
0x1514, 0x5397
0x1515, 0x5398
0x1516, 0x5399
0x1517, 0x5400
0x1518, 0x5401
0x1519, 0x5402
0x151a, 0x5403
0x151b, 0x5404
0x151c, 0x5405
0x151d, 0x5406
0x151e, 0x5407
0x151f, 0x5408
0x1520, 0x5409
0x1521, 0x5410
0x1522, 0x5411
0x1523, 0x5412
0x1524, 0x5413
0x1525, 0x5414
0x1526, 0x5415
0x1527, 0x5416
0x1528, 0x5417
0x1529, 0x5418
0x152a, 0x5419
0x152b, 0x5420
0x152c, 0x5421
0x152d, 0x5422
0x152e, 0x5423
0x152f, 0x5424
0x1530, 0x5425
0x1531, 0x5426
0x1532, 0x5427
0x1533, 0x5428
0x1534, 0x5429
0x1535, 0x5430
0x1536, 0x5431
0x1537, 0x5432
0x1538, 0x5433
0x1539, 0x5434
0x153a, 0x5435
0x153b, 0x5436
0x153c, 0x5437
0x153d, 0x5438
0x153e, 0x5439
0x153f, 0x5440
0x1540, 0x5441
0x1541, 0x5442
0x1542, 0x5443
0x1543, 0x5444
0x1544, 0x5445
0x1545, 0x5446
0x1546, 0x5447
0x1547, 0x5448
0x1548, 0x5449
0x1549, 0x5450
0x154a, 0x5451
0x154b, 0x5452
0x154c, 0x5453
0x154d, 0x5454
0x154e, 0x5455
0x154f, 0x5456
0x1550, 0x5457
0x1551, 0x5458
0x1552, 0x5459
0x1553, 0x5460
0x1554, 0x5461
0x1555, 0x5462
0x1556, 0x5463
0x1557, 0x5464
0x1558, 0x5465
0x1559, 0x5466
0x155a, 0x5467
0x155b, 0x5468
0x155c, 0x5469
0x155d, 0x5470
0x155e, 0x5471
0x155f, 0x5472
0x1560, 0x5473
0x1561, 0x5474
0x1562, 0x5475
0x1563, 0x5476
0x1564, 0x5477
0x1565, 0x5478
0x1566, 0x5479
0x1567, 0x5480
0x1568, 0x5481
0x1569, 0x5482
0x156a, 0x5483
0x156b, 0x5484
0x156c, 0x5485
0x156d, 0x5486
0x156e, 0x5487
0x156f, 0x5488
0x1570, 0x5489
0x1571, 0x5490
0x1572, 0x5491
0x1573, 0x5492
0x1574, 0x5493
0x1575, 0x5494
0x1576, 0x5495
0x1577, 0x5496
0x1578, 0x5497
0x1579, 0x5498
0x157a, 0x5499
0x157b, 0x5500
0x157c, 0x5501
0x157d, 0x5502
0x157e, 0x5503
0x157f, 0x5504
0x1580, 0x5505
0x1581, 0x5506
0x1582, 0x5507
0x1583, 0x5508
0x1584, 0x5509
0x1585, 0x5510
0x1586, 0x5511
0x1587, 0x5512
0x1588, 0x5513
0x1589, 0x5514
0x158a, 0x5515
0x158b, 0x5516
0x158c, 0x5517
0x158d, 0x5518
0x158e, 0x5519
0x158f, 0x5520
0x1590, 0x5521
0x1591, 0x5522
0x1592, 0x5523
0x1593, 0x5524
0x1594, 0x5525
0x1595, 0x5526
0x1596, 0x5527
0x1597, 0x5528
0x1598, 0x5529
0x1599, 0x5530
0x159a, 0x5531
0x159b, 0x5532
0x159c, 0x5533
0x159d, 0x5534
0x159e, 0x5535
0x159f, 0x5536
0x15a0, 0x5537
0x15a1, 0x5538
0x15a2, 0x5539
0x15a3, 0x5540
0x15a4, 0x5541
0x15a5, 0x5542
0x15a6, 0x5543
0x15a7, 0x5544
0x15a8, 0x5545
0x15a9, 0x5546
0x15aa, 0x5547
0x15ab, 0x5548
0x15ac, 0x5549
0x15ad, 0x5550
0x15ae, 0x5551
0x15af, 0x5552
0x15b0, 0x5553
0x15b1, 0x5554
0x15b2, 0x5555
0x15b3, 0x5556
0x15b4, 0x5557
0x15b5, 0x5558
0x15b6, 0x5559
0x15b7, 0x5560
0x15b8, 0x5561
0x15b9, 0x5562
0x15ba, 0x5563
0x15bb, 0x5564
0x15bc, 0x5565
0x15bd, 0x5566
0x15be, 0x5567
0x15bf, 0x5568
0x15c0, 0x5569
0x15c1, 0x5570
0x15c2, 0x5571
0x15c3, 0x5572
0x15c4, 0x5573
0x15c5, 0x5574
0x15c6, 0x5575
0x15c7, 0x5576
0x15c8, 0x5577
0x15c9, 0x5578
0x15ca, 0x5579
0x15cb, 0x5580
0x15cc, 0x5581
0x15cd, 0x5582
0x15ce, 0x5583
0x15cf, 0x5584
0x15d0, 0x5585
0x15d1, 0x5586
0x15d2, 0x5587
0x15d3, 0x5588
0x15d4, 0x5589
0x15d5, 0x5590
0x15d6, 0x5591
0x15d7, 0x5592
0x15d8, 0x5593
0x15d9, 0x5594
0x15da, 0x5595
0x15db, 0x5596
0x15dc, 0x5597
0x15dd, 0x5598
0x15de, 0x5599
0x15df, 0x5600
0x15e0, 0x5601
0x15e1, 0x5602
0x15e2, 0x5603
0x15e3, 0x5604
0x15e4, 0x5605
0x15e5, 0x5606
0x15e6, 0x5607
0x15e7, 0x5608
0x15e8, 0x5609
0x15e9, 0x5610
0x15ea, 0x5611
0x15eb, 0x5612
0x15ec, 0x5613
0x15ed, 0x5614
0x15ee, 0x5615
0x15ef, 0x5616
0x15f0, 0x5617
0x15f1, 0x5618
0x15f2, 0x5619
0x15f3, 0x5620
0x15f4, 0x5621
0x15f5, 0x5622
0x15f6, 0x5623
0x15f7, 0x5624
0x15f8, 0x5625
0x15f9, 0x5626
0x15fa, 0x5627
0x15fb, 0x5628
0x15fc, 0x5629
0x15fd, 0x5630
0x15fe, 0x5631
0x15ff, 0x5632
0x1600, 0x5633
0x1601, 0x5634
0x1602, 0x5635
0x1603, 0x5636
0x1604, 0x5637
0x1605, 0x5638
0x1606, 0x5639
0x1607, 0x5640
0x1608, 0x5641
0x1609, 0x5642
0x160a, 0x5643
0x160b, 0x5644
0x160c, 0x5645
0x160d, 0x5646
0x160e, 0x5647
0x160f, 0x5648
0x1610, 0x5649
0x1611, 0x5650
0x1612, 0x5651
0x1613, 0x5652
0x1614, 0x5653
0x1615, 0x5654
0x1616, 0x5655
0x1617, 0x5656
0x1618, 0x5657
0x1619, 0x5658
0x161a, 0x5659
0x161b, 0x5660
0x161c, 0x5661
0x161d, 0x5662
0x161e, 0x5663
0x161f, 0x5664
0x1620, 0x5665
0x1621, 0x5666
0x1622, 0x5667
0x1623, 0x5668
0x1624, 0x5669
0x1625, 0x5670
0x1626, 0x5671
0x1627, 0x5672
0x1628, 0x5673
0x1629, 0x5674
0x162a, 0x5675
0x162b, 0x5676
0x162c, 0x5677
0x162d, 0x5678
0x162e, 0x5679
0x162f, 0x5680
0x1630, 0x5681
0x1631, 0x5682
0x1632, 0x5683
0x1633, 0x5684
0x1634, 0x5685
0x1635, 0x5686
0x1636, 0x5687
0x1637, 0x5688
0x1638, 0x5689
0x1639, 0x5690
0x163a, 0x5691
0x163b, 0x5692
0x163c, 0x5693
0x163d, 0x5694
0x163e, 0x5695
0x163f, 0x5696
0x1640, 0x5697
0x1641, 0x5698
0x1642, 0x5699
0x1643, 0x5700
0x1644, 0x5701
0x1645, 0x5702
0x1646, 0x5703
0x1647, 0x5704
0x1648, 0x5705
0x1649, 0x5706
0x164a, 0x5707
0x164b, 0x5708
0x164c, 0x5709
0x164d, 0x5710
0x164e, 0x5711
0x164f, 0x5712
0x1650, 0x5713
0x1651, 0x5714
0x1652, 0x5715
0x1653, 0x5716
0x1654, 0x5717
0x1655, 0x5718
0x1656, 0x5719
0x1657, 0x5720
0x1658, 0x5721
0x1659, 0x5722
0x165a, 0x5723
0x165b, 0x5724
0x165c, 0x5725
0x165d, 0x5726
0x165e, 0x5727
0x165f, 0x5728
0x1660, 0x5729
0x1661, 0x5730
0x1662, 0x5731
0x1663, 0x5732
0x1664, 0x5733
0x1665, 0x5734
0x1666, 0x5735
0x1667, 0x5736
0x1668, 0x5737
0x1669, 0x5738
0x166a, 0x5739
0x166b, 0x5740
0x166c, 0x5741
0x166d, 0x5742
0x166e, 0x5743
0x166f, 0x5744
0x1670, 0x5745
0x1671, 0x5746
0x1672, 0x5747
0x1673, 0x5748
0x1674, 0x5749
0x1675, 0x5750
0x1676, 0x5751
0x1677, 0x5752
0x1678, 0x5753
0x1679, 0x5754
0x167a, 0x5755
0x167b, 0x5756
0x167c, 0x5757
0x167d, 0x5758
0x167e, 0x5759
0x167f, 0x5760
0x1680, 0x5761
0x1681, 0x5762
0x1682, 0x5763
0x1683, 0x5764
0x1684, 0x5765
0x1685, 0x5766
0x1686, 0x5767
0x1687, 0x5768
0x1688, 0x5769
0x1689, 0x5770
0x168a, 0x5771
0x168b, 0x5772
0x168c, 0x5773
0x168d, 0x5774
0x168e, 0x5775
0x168f, 0x5776
0x1690, 0x5777
0x1691, 0x5778
0x1692, 0x5779
0x1693, 0x5780
0x1694, 0x5781
0x1695, 0x5782
0x1696, 0x5783
0x1697, 0x5784
0x1698, 0x5785
0x1699, 0x5786
0x169a, 0x5787
0x169b, 0x5788
0x169c, 0x5789
0x169d, 0x5790
0x169e, 0x5791
0x169f, 0x5792
0x16a0, 0x5793
0x16a1, 0x5794
0x16a2, 0x5795
0x16a3, 0x5796
0x16a4, 0x5797
0x16a5, 0x5798
0x16a6, 0x5799
0x16a7, 0x5800
0x16a8, 0x5801
0x16a9, 0x5802
0x16aa, 0x5803
0x16ab, 0x5804
0x16ac, 0x5805
0x16ad, 0x5806
0x16ae, 0x5807
0x16af, 0x5808
0x16b0, 0x5809
0x16b1, 0x5810
0x16b2, 0x5811
0x16b3, 0x5812
0x16b4, 0x5813
0x16b5, 0x5814
0x16b6, 0x5815
0x16b7, 0x5816
0x16b8, 0x5817
0x16b9, 0x5818
0x16ba, 0x5819
0x16bb, 0x5820
0x16bc, 0x5821
0x16bd, 0x5822
0x16be, 0x5823
0x16bf, 0x5824
0x16c0, 0x5825
0x16c1, 0x5826
0x16c2, 0x5827
0x16c3, 0x5828
0x16c4, 0x5829
0x16c5, 0x5830
0x16c6, 0x5831
0x16c7, 0x5832
0x16c8, 0x5833
0x16c9, 0x5834
0x16ca, 0x5835
0x16cb, 0x5836
0x16cc, 0x5837
0x16cd, 0x5838
0x16ce, 0x5839
0x16cf, 0x5840
0x16d0, 0x5841
0x16d1, 0x5842
0x16d2, 0x5843
0x16d3, 0x5844
0x16d4, 0x5845
0x16d5, 0x5846
0x16d6, 0x5847
0x16d7, 0x5848
0x16d8, 0x5849
0x16d9, 0x5850
0x16da, 0x5851
0x16db, 0x5852
0x16dc, 0x5853
0x16dd, 0x5854
0x16de, 0x5855
0x16df, 0x5856
0x16e0, 0x5857
0x16e1, 0x5858
0x16e2, 0x5859
0x16e3, 0x5860
0x16e4, 0x5861
0x16e5, 0x5862
0x16e6, 0x5863
0x16e7, 0x5864
0x16e8, 0x5865
0x16e9, 0x5866
0x16ea, 0x5867
0x16eb, 0x5868
0x16ec, 0x5869
0x16ed, 0x5870
0x16ee, 0x5871
0x16ef, 0x5872
0x16f0, 0x5873
0x16f1, 0x5874
0x16f2, 0x5875
0x16f3, 0x5876
0x16f4, 0x5877
0x16f5, 0x5878
0x16f6, 0x5879
0x16f7, 0x5880
0x16f8, 0x5881
0x16f9, 0x5882
0x16fa, 0x5883
0x16fb, 0x5884
0x16fc, 0x5885
0x16fd, 0x5886
0x16fe, 0x5887
0x16ff, 0x5888
0x1700, 0x5889
0x1701, 0x5890
0x1702, 0x5891
0x1703, 0x5892
0x1704, 0x5893
0x1705, 0x5894
0x1706, 0x5895
0x1707, 0x5896
0x1708, 0x5897
0x1709, 0x5898
0x170a, 0x5899
0x170b, 0x5900
0x170c, 0x5901
0x170d, 0x5902
0x170e, 0x5903
0x170f, 0x5904
0x1710, 0x5905
0x1711, 0x5906
0x1712, 0x5907
0x1713, 0x5908
0x1714, 0x5909
0x1715, 0x5910
0x1716, 0x5911
0x1717, 0x5912
0x1718, 0x5913
0x1719, 0x5914
0x171a, 0x5915
0x171b, 0x5916
0x171c, 0x5917
0x171d, 0x5918
0x171e, 0x5919
0x171f, 0x5920
0x1720, 0x5921
0x1721, 0x5922
0x1722, 0x5923
0x1723, 0x5924
0x1724, 0x5925
0x1725, 0x5926
0x1726, 0x5927
0x1727, 0x5928
0x1728, 0x5929
0x1729, 0x5930
0x172a, 0x5931
0x172b, 0x5932
0x172c, 0x5933
0x172d, 0x5934
0x172e, 0x5935
0x172f, 0x5936
0x1730, 0x5937
0x1731, 0x5938
0x1732, 0x5939
0x1733, 0x5940
0x1734, 0x5941
0x1735, 0x5942
0x1736, 0x5943
0x1737, 0x5944
0x1738, 0x5945
0x1739, 0x5946
0x173a, 0x5947
0x173b, 0x5948
0x173c, 0x5949
0x173d, 0x5950
0x173e, 0x5951
0x173f, 0x5952
0x1740, 0x5953
0x1741, 0x5954
0x1742, 0x5955
0x1743, 0x5956
0x1744, 0x5957
0x1745, 0x5958
0x1746, 0x5959
0x1747, 0x5960
0x1748, 0x5961
0x1749, 0x5962
0x174a, 0x5963
0x174b, 0x5964
0x174c, 0x5965
0x174d, 0x5966
0x174e, 0x5967
0x174f, 0x5968
0x1750, 0x5969
0x1751, 0x5970
0x1752, 0x5971
0x1753, 0x5972
0x1754, 0x5973
0x1755, 0x5974
0x1756, 0x5975
0x1757, 0x5976
0x1758, 0x5977
0x1759, 0x5978
0x175a, 0x5979
0x175b, 0x5980
0x175c, 0x5981
0x175d, 0x5982
0x175e, 0x5983
0x175f, 0x5984
0x1760, 0x5985
0x1761, 0x5986
0x1762, 0x5987
0x1763, 0x5988
0x1764, 0x5989
0x1765, 0x5990
0x1766, 0x5991
0x1767, 0x5992
0x1768, 0x5993
0x1769, 0x5994
0x176a, 0x5995
0x176b, 0x5996
0x176c, 0x5997
0x176d, 0x5998
0x176e, 0x5999
0x176f, 0x6000
0x1770, 0x6001
0x1771, 0x6002
0x1772, 0x6003
0x1773, 0x6004
0x1774, 0x6005
0x1775, 0x6006
0x1776, 0x6007
0x1777, 0x6008
0x1778, 0x6009
0x1779, 0x6010
0x177a, 0x6011
0x177b, 0x6012
0x177c, 0x6013
0x177d, 0x6014
0x177e, 0x6015
0x177f, 0x6016
0x1780, 0x6017
0x1781, 0x6018
0x1782, 0x6019
0x1783, 0x6020
0x1784, 0x6021
0x1785, 0x6022
0x1786, 0x6023
0x1787, 0x6024
0x1788, 0x6025
0x1789, 0x6026
0x178a, 0x6027
0x178b, 0x6028
0x178c, 0x6029
0x178d, 0x6030
0x178e, 0x6031
0x178f, 0x6032
0x1790, 0x6033
0x1791, 0x6034
0x1792, 0x6035
0x1793, 0x6036
0x1794, 0x6037
0x1795, 0x6038
0x1796, 0x6039
0x1797, 0x6040
0x1798, 0x6041
0x1799, 0x6042
0x179a, 0x6043
0x179b, 0x6044
0x179c, 0x6045
0x179d, 0x6046
0x179e, 0x6047
0x179f, 0x6048
0x17a0, 0x6049
0x17a1, 0x6050
0x17a2, 0x6051
0x17a3, 0x6052
0x17a4, 0x6053
0x17a5, 0x6054
0x17a6, 0x6055
0x17a7, 0x6056
0x17a8, 0x6057
0x17a9, 0x6058
0x17aa, 0x6059
0x17ab, 0x6060
0x17ac, 0x6061
0x17ad, 0x6062
0x17ae, 0x6063
0x17af, 0x6064
0x17b0, 0x6065
0x17b1, 0x6066
0x17b2, 0x6067
0x17b3, 0x6068
0x17b4, 0x6069
0x17b5, 0x6070
0x17b6, 0x6071
0x17b7, 0x6072
0x17b8, 0x6073
0x17b9, 0x6074
0x17ba, 0x6075
0x17bb, 0x6076
0x17bc, 0x6077
0x17bd, 0x6078
0x17be, 0x6079
0x17bf, 0x6080
0x17c0, 0x6081
0x17c1, 0x6082
0x17c2, 0x6083
0x17c3, 0x6084
0x17c4, 0x6085
0x17c5, 0x6086
0x17c6, 0x6087
0x17c7, 0x6088
0x17c8, 0x6089
0x17c9, 0x6090
0x17ca, 0x6091
0x17cb, 0x6092
0x17cc, 0x6093
0x17cd, 0x6094
0x17ce, 0x6095
0x17cf, 0x6096
0x17d0, 0x6097
0x17d1, 0x6098
0x17d2, 0x6099
0x17d3, 0x6100
0x17d4, 0x6101
0x17d5, 0x6102
0x17d6, 0x6103
0x17d7, 0x6104
0x17d8, 0x6105
0x17d9, 0x6106
0x17da, 0x6107
0x17db, 0x6108
0x17dc, 0x6109
0x17dd, 0x6110
0x17de, 0x6111
0x17df, 0x6112
0x17e0, 0x6113
0x17e1, 0x6114
0x17e2, 0x6115
0x17e3, 0x6116
0x17e4, 0x6117
0x17e5, 0x6118
0x17e6, 0x6119
0x17e7, 0x6120
0x17e8, 0x6121
0x17e9, 0x6122
0x17ea, 0x6123
0x17eb, 0x6124
0x17ec, 0x6125
0x17ed, 0x6126
0x17ee, 0x6127
0x17ef, 0x6128
0x17f0, 0x6129
0x17f1, 0x6130
0x17f2, 0x6131
0x17f3, 0x6132
0x17f4, 0x6133
0x17f5, 0x6134
0x17f6, 0x6135
0x17f7, 0x6136
0x17f8, 0x6137
0x17f9, 0x6138
0x17fa, 0x6139
0x17fb, 0x6140
0x17fc, 0x6141
0x17fd, 0x6142
0x17fe, 0x6143
0x17ff, 0x6144
0x1800, 0x6145
0x1801, 0x6146
0x1802, 0x6147
0x1803, 0x6148
0x1804, 0x6149
0x1805, 0x6150
0x1806, 0x6151
0x1807, 0x6152
0x1808, 0x6153
0x1809, 0x6154
0x180a, 0x6155
0x180b, 0x6156
0x180c, 0x6157
0x180d, 0x6158
0x180e, 0x6159
0x180f, 0x6160
0x1810, 0x6161
0x1811, 0x6162
0x1812, 0x6163
0x1813, 0x6164
0x1814, 0x6165
0x1815, 0x6166
0x1816, 0x6167
0x1817, 0x6168
0x1818, 0x6169
0x1819, 0x6170
0x181a, 0x6171
0x181b, 0x6172
0x181c, 0x6173
0x181d, 0x6174
0x181e, 0x6175
0x181f, 0x6176
0x1820, 0x6177
0x1821, 0x6178
0x1822, 0x6179
0x1823, 0x6180
0x1824, 0x6181
0x1825, 0x6182
0x1826, 0x6183
0x1827, 0x6184
0x1828, 0x6185
0x1829, 0x6186
0x182a, 0x6187
0x182b, 0x6188
0x182c, 0x6189
0x182d, 0x6190
0x182e, 0x6191
0x182f, 0x6192
0x1830, 0x6193
0x1831, 0x6194
0x1832, 0x6195
0x1833, 0x6196
0x1834, 0x6197
0x1835, 0x6198
0x1836, 0x6199
0x1837, 0x6200
0x1838, 0x6201
0x1839, 0x6202
0x183a, 0x6203
0x183b, 0x6204
0x183c, 0x6205
0x183d, 0x6206
0x183e, 0x6207
0x183f, 0x6208
0x1840, 0x6209
0x1841, 0x6210
0x1842, 0x6211
0x1843, 0x6212
0x1844, 0x6213
0x1845, 0x6214
0x1846, 0x6215
0x1847, 0x6216
0x1848, 0x6217
0x1849, 0x6218
0x184a, 0x6219
0x184b, 0x6220
0x184c, 0x6221
0x184d, 0x6222
0x184e, 0x6223
0x184f, 0x6224
0x1850, 0x6225
0x1851, 0x6226
0x1852, 0x6227
0x1853, 0x6228
0x1854, 0x6229
0x1855, 0x6230
0x1856, 0x6231
0x1857, 0x6232
0x1858, 0x6233
0x1859, 0x6234
0x185a, 0x6235
0x185b, 0x6236
0x185c, 0x6237
0x185d, 0x6238
0x185e, 0x6239
0x185f, 0x6240
0x1860, 0x6241
0x1861, 0x6242
0x1862, 0x6243
0x1863, 0x6244
0x1864, 0x6245
0x1865, 0x6246
0x1866, 0x6247
0x1867, 0x6248
0x1868, 0x6249
0x1869, 0x6250
0x186a, 0x6251
0x186b, 0x6252
0x186c, 0x6253
0x186d, 0x6254
0x186e, 0x6255
0x186f, 0x6256
0x1870, 0x6257
0x1871, 0x6258
0x1872, 0x6259
0x1873, 0x6260
0x1874, 0x6261
0x1875, 0x6262
0x1876, 0x6263
0x1877, 0x6264
0x1878, 0x6265
0x1879, 0x6266
0x187a, 0x6267
0x187b, 0x6268
0x187c, 0x6269
0x187d, 0x6270
0x187e, 0x6271
0x187f, 0x6272
0x1880, 0x6273
0x1881, 0x6274
0x1882, 0x6275
0x1883, 0x6276
0x1884, 0x6277
0x1885, 0x6278
0x1886, 0x6279
0x1887, 0x6280
0x1888, 0x6281
0x1889, 0x6282
0x188a, 0x6283
0x188b, 0x6284
0x188c, 0x6285
0x188d, 0x6286
0x188e, 0x6287
0x188f, 0x6288
0x1890, 0x6289
0x1891, 0x6290
0x1892, 0x6291
0x1893, 0x6292
0x1894, 0x6293
0x1895, 0x6294
0x1896, 0x6295
0x1897, 0x6296
0x1898, 0x6297
0x1899, 0x6298
0x189a, 0x6299
0x189b, 0x6300
0x189c, 0x6301
0x189d, 0x6302
0x189e, 0x6303
0x189f, 0x6304
0x18a0, 0x6305
0x18a1, 0x6306
0x18a2, 0x6307
0x18a3, 0x6308
0x18a4, 0x6309
0x18a5, 0x6310
0x18a6, 0x6311
0x18a7, 0x6312
0x18a8, 0x6313
0x18a9, 0x6314
0x18aa, 0x6315
0x18ab, 0x6316
0x18ac, 0x6317
0x18ad, 0x6318
0x18ae, 0x6319
0x18af, 0x6320
0x18b0, 0x6321
0x18b1, 0x6322
0x18b2, 0x6323
0x18b3, 0x6324
0x18b4, 0x6325
0x18b5, 0x6326
0x18b6, 0x6327
0x18b7, 0x6328
0x18b8, 0x6329
0x18b9, 0x6330
0x18ba, 0x6331
0x18bb, 0x6332
0x18bc, 0x6333
0x18bd, 0x6334
0x18be, 0x6335
0x18bf, 0x6336
0x18c0, 0x6337
0x18c1, 0x6338
0x18c2, 0x6339
0x18c3, 0x6340
0x18c4, 0x6341
0x18c5, 0x6342
0x18c6, 0x6343
0x18c7, 0x6344
0x18c8, 0x6345
0x18c9, 0x6346
0x18ca, 0x6347
0x18cb, 0x6348
0x18cc, 0x6349
0x18cd, 0x6350
0x18ce, 0x6351
0x18cf, 0x6352
0x18d0, 0x6353
0x18d1, 0x6354
0x18d2, 0x6355
0x18d3, 0x6356
0x18d4, 0x6357
0x18d5, 0x6358
0x18d6, 0x6359
0x18d7, 0x6360
0x18d8, 0x6361
0x18d9, 0x6362
0x18da, 0x6363
0x18db, 0x6364
0x18dc, 0x6365
0x18dd, 0x6366
0x18de, 0x6367
0x18df, 0x6368
0x18e0, 0x6369
0x18e1, 0x6370
0x18e2, 0x6371
0x18e3, 0x6372
0x18e4, 0x6373
0x18e5, 0x6374
0x18e6, 0x6375
0x18e7, 0x6376
0x18e8, 0x6377
0x18e9, 0x6378
0x18ea, 0x6379
0x18eb, 0x6380
0x18ec, 0x6381
0x18ed, 0x6382
0x18ee, 0x6383
0x18ef, 0x6384
0x18f0, 0x6385
0x18f1, 0x6386
0x18f2, 0x6387
0x18f3, 0x6388
0x18f4, 0x6389
0x18f5, 0x6390
0x18f6, 0x6391
0x18f7, 0x6392
0x18f8, 0x6393
0x18f9, 0x6394
0x18fa, 0x6395
0x18fb, 0x6396
0x18fc, 0x6397
0x18fd, 0x6398
0x18fe, 0x6399
0x18ff, 0x6400
0x1900, 0x6401
0x1901, 0x6402
0x1902, 0x6403
0x1903, 0x6404
0x1904, 0x6405
0x1905, 0x6406
0x1906, 0x6407
0x1907, 0x6408
0x1908, 0x6409
0x1909, 0x6410
0x190a, 0x6411
0x190b, 0x6412
0x190c, 0x6413
0x190d, 0x6414
0x190e, 0x6415
0x190f, 0x6416
0x1910, 0x6417
0x1911, 0x6418
0x1912, 0x6419
0x1913, 0x6420
0x1914, 0x6421
0x1915, 0x6422
0x1916, 0x6423
0x1917, 0x6424
0x1918, 0x6425
0x1919, 0x6426
0x191a, 0x6427
0x191b, 0x6428
0x191c, 0x6429
0x191d, 0x6430
0x191e, 0x6431
0x191f, 0x6432
0x1920, 0x6433
0x1921, 0x6434
0x1922, 0x6435
0x1923, 0x6436
0x1924, 0x6437
0x1925, 0x6438
0x1926, 0x6439
0x1927, 0x6440
0x1928, 0x6441
0x1929, 0x6442
0x192a, 0x6443
0x192b, 0x6444
0x192c, 0x6445
0x192d, 0x6446
0x192e, 0x6447
0x192f, 0x6448
0x1930, 0x6449
0x1931, 0x6450
0x1932, 0x6451
0x1933, 0x6452
0x1934, 0x6453
0x1935, 0x6454
0x1936, 0x6455
0x1937, 0x6456
0x1938, 0x6457
0x1939, 0x6458
0x193a, 0x6459
0x193b, 0x6460
0x193c, 0x6461
0x193d, 0x6462
0x193e, 0x6463
0x193f, 0x6464
0x1940, 0x6465
0x1941, 0x6466
0x1942, 0x6467
0x1943, 0x6468
0x1944, 0x6469
0x1945, 0x6470
0x1946, 0x6471
0x1947, 0x6472
0x1948, 0x6473
0x1949, 0x6474
0x194a, 0x6475
0x194b, 0x6476
0x194c, 0x6477
0x194d, 0x6478
0x194e, 0x6479
0x194f, 0x6480
0x1950, 0x6481
0x1951, 0x6482
0x1952, 0x6483
0x1953, 0x6484
0x1954, 0x6485
0x1955, 0x6486
0x1956, 0x6487
0x1957, 0x6488
0x1958, 0x6489
0x1959, 0x6490
0x195a, 0x6491
0x195b, 0x6492
0x195c, 0x6493
0x195d, 0x6494
0x195e, 0x6495
0x195f, 0x6496
0x1960, 0x6497
0x1961, 0x6498
0x1962, 0x6499
0x1963, 0x6500
0x1964, 0x6501
0x1965, 0x6502
0x1966, 0x6503
0x1967, 0x6504
0x1968, 0x6505
0x1969, 0x6506
0x196a, 0x6507
0x196b, 0x6508
0x196c, 0x6509
0x196d, 0x6510
0x196e, 0x6511
0x196f, 0x6512
0x1970, 0x6513
0x1971, 0x6514
0x1972, 0x6515
0x1973, 0x6516
0x1974, 0x6517
0x1975, 0x6518
0x1976, 0x6519
0x1977, 0x6520
0x1978, 0x6521
0x1979, 0x6522
0x197a, 0x6523
0x197b, 0x6524
0x197c, 0x6525
0x197d, 0x6526
0x197e, 0x6527
0x197f, 0x6528
0x1980, 0x6529
0x1981, 0x6530
0x1982, 0x6531
0x1983, 0x6532
0x1984, 0x6533
0x1985, 0x6534
0x1986, 0x6535
0x1987, 0x6536
0x1988, 0x6537
0x1989, 0x6538
0x198a, 0x6539
0x198b, 0x6540
0x198c, 0x6541
0x198d, 0x6542
0x198e, 0x6543
0x198f, 0x6544
0x1990, 0x6545
0x1991, 0x6546
0x1992, 0x6547
0x1993, 0x6548
0x1994, 0x6549
0x1995, 0x6550
0x1996, 0x6551
0x1997, 0x6552
0x1998, 0x6553
0x1999, 0x6554
0x199a, 0x6555
0x199b, 0x6556
0x199c, 0x6557
0x199d, 0x6558
0x199e, 0x6559
0x199f, 0x6560
0x19a0, 0x6561
0x19a1, 0x6562
0x19a2, 0x6563
0x19a3, 0x6564
0x19a4, 0x6565
0x19a5, 0x6566
0x19a6, 0x6567
0x19a7, 0x6568
0x19a8, 0x6569
0x19a9, 0x6570
0x19aa, 0x6571
0x19ab, 0x6572
0x19ac, 0x6573
0x19ad, 0x6574
0x19ae, 0x6575
0x19af, 0x6576
0x19b0, 0x6577
0x19b1, 0x6578
0x19b2, 0x6579
0x19b3, 0x6580
0x19b4, 0x6581
0x19b5, 0x6582
0x19b6, 0x6583
0x19b7, 0x6584
0x19b8, 0x6585
0x19b9, 0x6586
0x19ba, 0x6587
0x19bb, 0x6588
0x19bc, 0x6589
0x19bd, 0x6590
0x19be, 0x6591
0x19bf, 0x6592
0x19c0, 0x6593
0x19c1, 0x6594
0x19c2, 0x6595
0x19c3, 0x6596
0x19c4, 0x6597
0x19c5, 0x6598
0x19c6, 0x6599
0x19c7, 0x6600
0x19c8, 0x6601
0x19c9, 0x6602
0x19ca, 0x6603
0x19cb, 0x6604
0x19cc, 0x6605
0x19cd, 0x6606
0x19ce, 0x6607
0x19cf, 0x6608
0x19d0, 0x6609
0x19d1, 0x6610
0x19d2, 0x6611
0x19d3, 0x6612
0x19d4, 0x6613
0x19d5, 0x6614
0x19d6, 0x6615
0x19d7, 0x6616
0x19d8, 0x6617
0x19d9, 0x6618
0x19da, 0x6619
0x19db, 0x6620
0x19dc, 0x6621
0x19dd, 0x6622
0x19de, 0x6623
0x19df, 0x6624
0x19e0, 0x6625
0x19e1, 0x6626
0x19e2, 0x6627
0x19e3, 0x6628
0x19e4, 0x6629
0x19e5, 0x6630
0x19e6, 0x6631
0x19e7, 0x6632
0x19e8, 0x6633
0x19e9, 0x6634
0x19ea, 0x6635
0x19eb, 0x6636
0x19ec, 0x6637
0x19ed, 0x6638
0x19ee, 0x6639
0x19ef, 0x6640
0x19f0, 0x6641
0x19f1, 0x6642
0x19f2, 0x6643
0x19f3, 0x6644
0x19f4, 0x6645
0x19f5, 0x6646
0x19f6, 0x6647
0x19f7, 0x6648
0x19f8, 0x6649
0x19f9, 0x6650
0x19fa, 0x6651
0x19fb, 0x6652
0x19fc, 0x6653
0x19fd, 0x6654
0x19fe, 0x6655
0x19ff, 0x6656
0x1a00, 0x6657
0x1a01, 0x6658
0x1a02, 0x6659
0x1a03, 0x6660
0x1a04, 0x6661
0x1a05, 0x6662
0x1a06, 0x6663
0x1a07, 0x6664
0x1a08, 0x6665
0x1a09, 0x6666
0x1a0a, 0x6667
0x1a0b, 0x6668
0x1a0c, 0x6669
0x1a0d, 0x6670
0x1a0e, 0x6671
0x1a0f, 0x6672
0x1a10, 0x6673
0x1a11, 0x6674
0x1a12, 0x6675
0x1a13, 0x6676
0x1a14, 0x6677
0x1a15, 0x6678
0x1a16, 0x6679
0x1a17, 0x6680
0x1a18, 0x6681
0x1a19, 0x6682
0x1a1a, 0x6683
0x1a1b, 0x6684
0x1a1c, 0x6685
0x1a1d, 0x6686
0x1a1e, 0x6687
0x1a1f, 0x6688
0x1a20, 0x6689
0x1a21, 0x6690
0x1a22, 0x6691
0x1a23, 0x6692
0x1a24, 0x6693
0x1a25, 0x6694
0x1a26, 0x6695
0x1a27, 0x6696
0x1a28, 0x6697
0x1a29, 0x6698
0x1a2a, 0x6699
0x1a2b, 0x6700
0x1a2c, 0x6701
0x1a2d, 0x6702
0x1a2e, 0x6703
0x1a2f, 0x6704
0x1a30, 0x6705
0x1a31, 0x6706
0x1a32, 0x6707
0x1a33, 0x6708
0x1a34, 0x6709
0x1a35, 0x6710
0x1a36, 0x6711
0x1a37, 0x6712
0x1a38, 0x6713
0x1a39, 0x6714
0x1a3a, 0x6715
0x1a3b, 0x6716
0x1a3c, 0x6717
0x1a3d, 0x6718
0x1a3e, 0x6719
0x1a3f, 0x6720
0x1a40, 0x6721
0x1a41, 0x6722
0x1a42, 0x6723
0x1a43, 0x6724
0x1a44, 0x6725
0x1a45, 0x6726
0x1a46, 0x6727
0x1a47, 0x6728
0x1a48, 0x6729
0x1a49, 0x6730
0x1a4a, 0x6731
0x1a4b, 0x6732
0x1a4c, 0x6733
0x1a4d, 0x6734
0x1a4e, 0x6735
0x1a4f, 0x6736
0x1a50, 0x6737
0x1a51, 0x6738
0x1a52, 0x6739
0x1a53, 0x6740
0x1a54, 0x6741
0x1a55, 0x6742
0x1a56, 0x6743
0x1a57, 0x6744
0x1a58, 0x6745
0x1a59, 0x6746
0x1a5a, 0x6747
0x1a5b, 0x6748
0x1a5c, 0x6749
0x1a5d, 0x6750
0x1a5e, 0x6751
0x1a5f, 0x6752
0x1a60, 0x6753
0x1a61, 0x6754
0x1a62, 0x6755
0x1a63, 0x6756
0x1a64, 0x6757
0x1a65, 0x6758
0x1a66, 0x6759
0x1a67, 0x6760
0x1a68, 0x6761
0x1a69, 0x6762
0x1a6a, 0x6763
0x1a6b, 0x6764
0x1a6c, 0x6765
0x1a6d, 0x6766
0x1a6e, 0x6767
0x1a6f, 0x6768
0x1a70, 0x6769
0x1a71, 0x6770
0x1a72, 0x6771
0x1a73, 0x6772
0x1a74, 0x6773
0x1a75, 0x6774
0x1a76, 0x6775
0x1a77, 0x6776
0x1a78, 0x6777
0x1a79, 0x6778
0x1a7a, 0x6779
0x1a7b, 0x6780
0x1a7c, 0x6781
0x1a7d, 0x6782
0x1a7e, 0x6783
0x1a7f, 0x6784
0x1a80, 0x6785
0x1a81, 0x6786
0x1a82, 0x6787
0x1a83, 0x6788
0x1a84, 0x6789
0x1a85, 0x6790
0x1a86, 0x6791
0x1a87, 0x6792
0x1a88, 0x6793
0x1a89, 0x6794
0x1a8a, 0x6795
0x1a8b, 0x6796
0x1a8c, 0x6797
0x1a8d, 0x6798
0x1a8e, 0x6799
0x1a8f, 0x6800
0x1a90, 0x6801
0x1a91, 0x6802
0x1a92, 0x6803
0x1a93, 0x6804
0x1a94, 0x6805
0x1a95, 0x6806
0x1a96, 0x6807
0x1a97, 0x6808
0x1a98, 0x6809
0x1a99, 0x6810
0x1a9a, 0x6811
0x1a9b, 0x6812
0x1a9c, 0x6813
0x1a9d, 0x6814
0x1a9e, 0x6815
0x1a9f, 0x6816
0x1aa0, 0x6817
0x1aa1, 0x6818
0x1aa2, 0x6819
0x1aa3, 0x6820
0x1aa4, 0x6821
0x1aa5, 0x6822
0x1aa6, 0x6823
0x1aa7, 0x6824
0x1aa8, 0x6825
0x1aa9, 0x6826
0x1aaa, 0x6827
0x1aab, 0x6828
0x1aac, 0x6829
0x1aad, 0x6830
0x1aae, 0x6831
0x1aaf, 0x6832
0x1ab0, 0x6833
0x1ab1, 0x6834
0x1ab2, 0x6835
0x1ab3, 0x6836
0x1ab4, 0x6837
0x1ab5, 0x6838
0x1ab6, 0x6839
0x1ab7, 0x6840
0x1ab8, 0x6841
0x1ab9, 0x6842
0x1aba, 0x6843
0x1abb, 0x6844
0x1abc, 0x6845
0x1abd, 0x6846
0x1abe, 0x6847
0x1abf, 0x6848
0x1ac0, 0x6849
0x1ac1, 0x6850
0x1ac2, 0x6851
0x1ac3, 0x6852
0x1ac4, 0x6853
0x1ac5, 0x6854
0x1ac6, 0x6855
0x1ac7, 0x6856
0x1ac8, 0x6857
0x1ac9, 0x6858
0x1aca, 0x6859
0x1acb, 0x6860
0x1acc, 0x6861
0x1acd, 0x6862
0x1ace, 0x6863
0x1acf, 0x6864
0x1ad0, 0x6865
0x1ad1, 0x6866
0x1ad2, 0x6867
0x1ad3, 0x6868
0x1ad4, 0x6869
0x1ad5, 0x6870
0x1ad6, 0x6871
0x1ad7, 0x6872
0x1ad8, 0x6873
0x1ad9, 0x6874
0x1ada, 0x6875
0x1adb, 0x6876
0x1adc, 0x6877
0x1add, 0x6878
0x1ade, 0x6879
0x1adf, 0x6880
0x1ae0, 0x6881
0x1ae1, 0x6882
0x1ae2, 0x6883
0x1ae3, 0x6884
0x1ae4, 0x6885
0x1ae5, 0x6886
0x1ae6, 0x6887
0x1ae7, 0x6888
0x1ae8, 0x6889
0x1ae9, 0x6890
0x1aea, 0x6891
0x1aeb, 0x6892
0x1aec, 0x6893
0x1aed, 0x6894
0x1aee, 0x6895
0x1aef, 0x6896
0x1af0, 0x6897
0x1af1, 0x6898
0x1af2, 0x6899
0x1af3, 0x6900
0x1af4, 0x6901
0x1af5, 0x6902
0x1af6, 0x6903
0x1af7, 0x6904
0x1af8, 0x6905
0x1af9, 0x6906
0x1afa, 0x6907
0x1afb, 0x6908
0x1afc, 0x6909
0x1afd, 0x6910
0x1afe, 0x6911
0x1aff, 0x6912
0x1b00, 0x6913
0x1b01, 0x6914
0x1b02, 0x6915
0x1b03, 0x6916
0x1b04, 0x6917
0x1b05, 0x6918
0x1b06, 0x6919
0x1b07, 0x6920
0x1b08, 0x6921
0x1b09, 0x6922
0x1b0a, 0x6923
0x1b0b, 0x6924
0x1b0c, 0x6925
0x1b0d, 0x6926
0x1b0e, 0x6927
0x1b0f, 0x6928
0x1b10, 0x6929
0x1b11, 0x6930
0x1b12, 0x6931
0x1b13, 0x6932
0x1b14, 0x6933
0x1b15, 0x6934
0x1b16, 0x6935
0x1b17, 0x6936
0x1b18, 0x6937
0x1b19, 0x6938
0x1b1a, 0x6939
0x1b1b, 0x6940
0x1b1c, 0x6941
0x1b1d, 0x6942
0x1b1e, 0x6943
0x1b1f, 0x6944
0x1b20, 0x6945
0x1b21, 0x6946
0x1b22, 0x6947
0x1b23, 0x6948
0x1b24, 0x6949
0x1b25, 0x6950
0x1b26, 0x6951
0x1b27, 0x6952
0x1b28, 0x6953
0x1b29, 0x6954
0x1b2a, 0x6955
0x1b2b, 0x6956
0x1b2c, 0x6957
0x1b2d, 0x6958
0x1b2e, 0x6959
0x1b2f, 0x6960
0x1b30, 0x6961
0x1b31, 0x6962
0x1b32, 0x6963
0x1b33, 0x6964
0x1b34, 0x6965
0x1b35, 0x6966
0x1b36, 0x6967
0x1b37, 0x6968
0x1b38, 0x6969
0x1b39, 0x6970
0x1b3a, 0x6971
0x1b3b, 0x6972
0x1b3c, 0x6973
0x1b3d, 0x6974
0x1b3e, 0x6975
0x1b3f, 0x6976
0x1b40, 0x6977
0x1b41, 0x6978
0x1b42, 0x6979
0x1b43, 0x6980
0x1b44, 0x6981
0x1b45, 0x6982
0x1b46, 0x6983
0x1b47, 0x6984
0x1b48, 0x6985
0x1b49, 0x6986
0x1b4a, 0x6987
0x1b4b, 0x6988
0x1b4c, 0x6989
0x1b4d, 0x6990
0x1b4e, 0x6991
0x1b4f, 0x6992
0x1b50, 0x6993
0x1b51, 0x6994
0x1b52, 0x6995
0x1b53, 0x6996
0x1b54, 0x6997
0x1b55, 0x6998
0x1b56, 0x6999
0x1b57, 0x7000
0x1b58, 0x7001
0x1b59, 0x7002
0x1b5a, 0x7003
0x1b5b, 0x7004
0x1b5c, 0x7005
0x1b5d, 0x7006
0x1b5e, 0x7007
0x1b5f, 0x7008
0x1b60, 0x7009
0x1b61, 0x7010
0x1b62, 0x7011
0x1b63, 0x7012
0x1b64, 0x7013
0x1b65, 0x7014
0x1b66, 0x7015
0x1b67, 0x7016
0x1b68, 0x7017
0x1b69, 0x7018
0x1b6a, 0x7019
0x1b6b, 0x7020
0x1b6c, 0x7021
0x1b6d, 0x7022
0x1b6e, 0x7023
0x1b6f, 0x7024
0x1b70, 0x7025
0x1b71, 0x7026
0x1b72, 0x7027
0x1b73, 0x7028
0x1b74, 0x7029
0x1b75, 0x7030
0x1b76, 0x7031
0x1b77, 0x7032
0x1b78, 0x7033
0x1b79, 0x7034
0x1b7a, 0x7035
0x1b7b, 0x7036
0x1b7c, 0x7037
0x1b7d, 0x7038
0x1b7e, 0x7039
0x1b7f, 0x7040
0x1b80, 0x7041
0x1b81, 0x7042
0x1b82, 0x7043
0x1b83, 0x7044
0x1b84, 0x7045
0x1b85, 0x7046
0x1b86, 0x7047
0x1b87, 0x7048
0x1b88, 0x7049
0x1b89, 0x7050
0x1b8a, 0x7051
0x1b8b, 0x7052
0x1b8c, 0x7053
0x1b8d, 0x7054
0x1b8e, 0x7055
0x1b8f, 0x7056
0x1b90, 0x7057
0x1b91, 0x7058
0x1b92, 0x7059
0x1b93, 0x7060
0x1b94, 0x7061
0x1b95, 0x7062
0x1b96, 0x7063
0x1b97, 0x7064
0x1b98, 0x7065
0x1b99, 0x7066
0x1b9a, 0x7067
0x1b9b, 0x7068
0x1b9c, 0x7069
0x1b9d, 0x7070
0x1b9e, 0x7071
0x1b9f, 0x7072
0x1ba0, 0x7073
0x1ba1, 0x7074
0x1ba2, 0x7075
0x1ba3, 0x7076
0x1ba4, 0x7077
0x1ba5, 0x7078
0x1ba6, 0x7079
0x1ba7, 0x7080
0x1ba8, 0x7081
0x1ba9, 0x7082
0x1baa, 0x7083
0x1bab, 0x7084
0x1bac, 0x7085
0x1bad, 0x7086
0x1bae, 0x7087
0x1baf, 0x7088
0x1bb0, 0x7089
0x1bb1, 0x7090
0x1bb2, 0x7091
0x1bb3, 0x7092
0x1bb4, 0x7093
0x1bb5, 0x7094
0x1bb6, 0x7095
0x1bb7, 0x7096
0x1bb8, 0x7097
0x1bb9, 0x7098
0x1bba, 0x7099
0x1bbb, 0x7100
0x1bbc, 0x7101
0x1bbd, 0x7102
0x1bbe, 0x7103
0x1bbf, 0x7104
0x1bc0, 0x7105
0x1bc1, 0x7106
0x1bc2, 0x7107
0x1bc3, 0x7108
0x1bc4, 0x7109
0x1bc5, 0x7110
0x1bc6, 0x7111
0x1bc7, 0x7112
0x1bc8, 0x7113
0x1bc9, 0x7114
0x1bca, 0x7115
0x1bcb, 0x7116
0x1bcc, 0x7117
0x1bcd, 0x7118
0x1bce, 0x7119
0x1bcf, 0x7120
0x1bd0, 0x7121
0x1bd1, 0x7122
0x1bd2, 0x7123
0x1bd3, 0x7124
0x1bd4, 0x7125
0x1bd5, 0x7126
0x1bd6, 0x7127
0x1bd7, 0x7128
0x1bd8, 0x7129
0x1bd9, 0x7130
0x1bda, 0x7131
0x1bdb, 0x7132
0x1bdc, 0x7133
0x1bdd, 0x7134
0x1bde, 0x7135
0x1bdf, 0x7136
0x1be0, 0x7137
0x1be1, 0x7138
0x1be2, 0x7139
0x1be3, 0x7140
0x1be4, 0x7141
0x1be5, 0x7142
0x1be6, 0x7143
0x1be7, 0x7144
0x1be8, 0x7145
0x1be9, 0x7146
0x1bea, 0x7147
0x1beb, 0x7148
0x1bec, 0x7149
0x1bed, 0x7150
0x1bee, 0x7151
0x1bef, 0x7152
0x1bf0, 0x7153
0x1bf1, 0x7154
0x1bf2, 0x7155
0x1bf3, 0x7156
0x1bf4, 0x7157
0x1bf5, 0x7158
0x1bf6, 0x7159
0x1bf7, 0x7160
0x1bf8, 0x7161
0x1bf9, 0x7162
0x1bfa, 0x7163
0x1bfb, 0x7164
0x1bfc, 0x7165
0x1bfd, 0x7166
0x1bfe, 0x7167
0x1bff, 0x7168
0x1c00, 0x7169
0x1c01, 0x7170
0x1c02, 0x7171
0x1c03, 0x7172
0x1c04, 0x7173
0x1c05, 0x7174
0x1c06, 0x7175
0x1c07, 0x7176
0x1c08, 0x7177
0x1c09, 0x7178
0x1c0a, 0x7179
0x1c0b, 0x7180
0x1c0c, 0x7181
0x1c0d, 0x7182
0x1c0e, 0x7183
0x1c0f, 0x7184
0x1c10, 0x7185
0x1c11, 0x7186
0x1c12, 0x7187
0x1c13, 0x7188
0x1c14, 0x7189
0x1c15, 0x7190
0x1c16, 0x7191
0x1c17, 0x7192
0x1c18, 0x7193
0x1c19, 0x7194
0x1c1a, 0x7195
0x1c1b, 0x7196
0x1c1c, 0x7197
0x1c1d, 0x7198
0x1c1e, 0x7199
0x1c1f, 0x7200
0x1c20, 0x7201
0x1c21, 0x7202
0x1c22, 0x7203
0x1c23, 0x7204
0x1c24, 0x7205
0x1c25, 0x7206
0x1c26, 0x7207
0x1c27, 0x7208
0x1c28, 0x7209
0x1c29, 0x7210
0x1c2a, 0x7211
0x1c2b, 0x7212
0x1c2c, 0x7213
0x1c2d, 0x7214
0x1c2e, 0x7215
0x1c2f, 0x7216
0x1c30, 0x7217
0x1c31, 0x7218
0x1c32, 0x7219
0x1c33, 0x7220
0x1c34, 0x7221
0x1c35, 0x7222
0x1c36, 0x7223
0x1c37, 0x7224
0x1c38, 0x7225
0x1c39, 0x7226
0x1c3a, 0x7227
0x1c3b, 0x7228
0x1c3c, 0x7229
0x1c3d, 0x7230
0x1c3e, 0x7231
0x1c3f, 0x7232
0x1c40, 0x7233
0x1c41, 0x7234
0x1c42, 0x7235
0x1c43, 0x7236
0x1c44, 0x7237
0x1c45, 0x7238
0x1c46, 0x7239
0x1c47, 0x7240
0x1c48, 0x7241
0x1c49, 0x7242
0x1c4a, 0x7243
0x1c4b, 0x7244
0x1c4c, 0x7245
0x1c4d, 0x7246
0x1c4e, 0x7247
0x1c4f, 0x7248
0x1c50, 0x7249
0x1c51, 0x7250
0x1c52, 0x7251
0x1c53, 0x7252
0x1c54, 0x7253
0x1c55, 0x7254
0x1c56, 0x7255
0x1c57, 0x7256
0x1c58, 0x7257
0x1c59, 0x7258
0x1c5a, 0x7259
0x1c5b, 0x7260
0x1c5c, 0x7261
0x1c5d, 0x7262
0x1c5e, 0x7263
0x1c5f, 0x7264
0x1c60, 0x7265
0x1c61, 0x7266
0x1c62, 0x7267
0x1c63, 0x7268
0x1c64, 0x7269
0x1c65, 0x7270
0x1c66, 0x7271
0x1c67, 0x7272
0x1c68, 0x7273
0x1c69, 0x7274
0x1c6a, 0x7275
0x1c6b, 0x7276
0x1c6c, 0x7277
0x1c6d, 0x7278
0x1c6e, 0x7279
0x1c6f, 0x7280
0x1c70, 0x7281
0x1c71, 0x7282
0x1c72, 0x7283
0x1c73, 0x7284
0x1c74, 0x7285
0x1c75, 0x7286
0x1c76, 0x7287
0x1c77, 0x7288
0x1c78, 0x7289
0x1c79, 0x7290
0x1c7a, 0x7291
0x1c7b, 0x7292
0x1c7c, 0x7293
0x1c7d, 0x7294
0x1c7e, 0x7295
0x1c7f, 0x7296
0x1c80, 0x7297
0x1c81, 0x7298
0x1c82, 0x7299
0x1c83, 0x7300
0x1c84, 0x7301
0x1c85, 0x7302
0x1c86, 0x7303
0x1c87, 0x7304
0x1c88, 0x7305
0x1c89, 0x7306
0x1c8a, 0x7307
0x1c8b, 0x7308
0x1c8c, 0x7309
0x1c8d, 0x7310
0x1c8e, 0x7311
0x1c8f, 0x7312
0x1c90, 0x7313
0x1c91, 0x7314
0x1c92, 0x7315
0x1c93, 0x7316
0x1c94, 0x7317
0x1c95, 0x7318
0x1c96, 0x7319
0x1c97, 0x7320
0x1c98, 0x7321
0x1c99, 0x7322
0x1c9a, 0x7323
0x1c9b, 0x7324
0x1c9c, 0x7325
0x1c9d, 0x7326
0x1c9e, 0x7327
0x1c9f, 0x7328
0x1ca0, 0x7329
0x1ca1, 0x7330
0x1ca2, 0x7331
0x1ca3, 0x7332
0x1ca4, 0x7333
0x1ca5, 0x7334
0x1ca6, 0x7335
0x1ca7, 0x7336
0x1ca8, 0x7337
0x1ca9, 0x7338
0x1caa, 0x7339
0x1cab, 0x7340
0x1cac, 0x7341
0x1cad, 0x7342
0x1cae, 0x7343
0x1caf, 0x7344
0x1cb0, 0x7345
0x1cb1, 0x7346
0x1cb2, 0x7347
0x1cb3, 0x7348
0x1cb4, 0x7349
0x1cb5, 0x7350
0x1cb6, 0x7351
0x1cb7, 0x7352
0x1cb8, 0x7353
0x1cb9, 0x7354
0x1cba, 0x7355
0x1cbb, 0x7356
0x1cbc, 0x7357
0x1cbd, 0x7358
0x1cbe, 0x7359
0x1cbf, 0x7360
0x1cc0, 0x7361
0x1cc1, 0x7362
0x1cc2, 0x7363
0x1cc3, 0x7364
0x1cc4, 0x7365
0x1cc5, 0x7366
0x1cc6, 0x7367
0x1cc7, 0x7368
0x1cc8, 0x7369
0x1cc9, 0x7370
0x1cca, 0x7371
0x1ccb, 0x7372
0x1ccc, 0x7373
0x1ccd, 0x7374
0x1cce, 0x7375
0x1ccf, 0x7376
0x1cd0, 0x7377
0x1cd1, 0x7378
0x1cd2, 0x7379
0x1cd3, 0x7380
0x1cd4, 0x7381
0x1cd5, 0x7382
0x1cd6, 0x7383
0x1cd7, 0x7384
0x1cd8, 0x7385
0x1cd9, 0x7386
0x1cda, 0x7387
0x1cdb, 0x7388
0x1cdc, 0x7389
0x1cdd, 0x7390
0x1cde, 0x7391
0x1cdf, 0x7392
0x1ce0, 0x7393
0x1ce1, 0x7394
0x1ce2, 0x7395
0x1ce3, 0x7396
0x1ce4, 0x7397
0x1ce5, 0x7398
0x1ce6, 0x7399
0x1ce7, 0x7400
0x1ce8, 0x7401
0x1ce9, 0x7402
0x1cea, 0x7403
0x1ceb, 0x7404
0x1cec, 0x7405
0x1ced, 0x7406
0x1cee, 0x7407
0x1cef, 0x7408
0x1cf0, 0x7409
0x1cf1, 0x7410
0x1cf2, 0x7411
0x1cf3, 0x7412
0x1cf4, 0x7413
0x1cf5, 0x7414
0x1cf6, 0x7415
0x1cf7, 0x7416
0x1cf8, 0x7417
0x1cf9, 0x7418
0x1cfa, 0x7419
0x1cfb, 0x7420
0x1cfc, 0x7421
0x1cfd, 0x7422
0x1cfe, 0x7423
0x1cff, 0x7424
0x1d00, 0x7425
0x1d01, 0x7426
0x1d02, 0x7427
0x1d03, 0x7428
0x1d04, 0x7429
0x1d05, 0x7430
0x1d06, 0x7431
0x1d07, 0x7432
0x1d08, 0x7433
0x1d09, 0x7434
0x1d0a, 0x7435
0x1d0b, 0x7436
0x1d0c, 0x7437
0x1d0d, 0x7438
0x1d0e, 0x7439
0x1d0f, 0x7440
0x1d10, 0x7441
0x1d11, 0x7442
0x1d12, 0x7443
0x1d13, 0x7444
0x1d14, 0x7445
0x1d15, 0x7446
0x1d16, 0x7447
0x1d17, 0x7448
0x1d18, 0x7449
0x1d19, 0x7450
0x1d1a, 0x7451
0x1d1b, 0x7452
0x1d1c, 0x7453
0x1d1d, 0x7454
0x1d1e, 0x7455
0x1d1f, 0x7456
0x1d20, 0x7457
0x1d21, 0x7458
0x1d22, 0x7459
0x1d23, 0x7460
0x1d24, 0x7461
0x1d25, 0x7462
0x1d26, 0x7463
0x1d27, 0x7464
0x1d28, 0x7465
0x1d29, 0x7466
0x1d2a, 0x7467
0x1d2b, 0x7468
0x1d2c, 0x7469
0x1d2d, 0x7470
0x1d2e, 0x7471
0x1d2f, 0x7472
0x1d30, 0x7473
0x1d31, 0x7474
0x1d32, 0x7475
0x1d33, 0x7476
0x1d34, 0x7477
0x1d35, 0x7478
0x1d36, 0x7479
0x1d37, 0x7480
0x1d38, 0x7481
0x1d39, 0x7482
0x1d3a, 0x7483
0x1d3b, 0x7484
0x1d3c, 0x7485
0x1d3d, 0x7486
0x1d3e, 0x7487
0x1d3f, 0x7488
0x1d40, 0x7489
0x1d41, 0x7490
0x1d42, 0x7491
0x1d43, 0x7492
0x1d44, 0x7493
0x1d45, 0x7494
0x1d46, 0x7495
0x1d47, 0x7496
0x1d48, 0x7497
0x1d49, 0x7498
0x1d4a, 0x7499
0x1d4b, 0x7500
0x1d4c, 0x7501
0x1d4d, 0x7502
0x1d4e, 0x7503
0x1d4f, 0x7504
0x1d50, 0x7505
0x1d51, 0x7506
0x1d52, 0x7507
0x1d53, 0x7508
0x1d54, 0x7509
0x1d55, 0x7510
0x1d56, 0x7511
0x1d57, 0x7512
0x1d58, 0x7513
0x1d59, 0x7514
0x1d5a, 0x7515
0x1d5b, 0x7516
0x1d5c, 0x7517
0x1d5d, 0x7518
0x1d5e, 0x7519
0x1d5f, 0x7520
0x1d60, 0x7521
0x1d61, 0x7522
0x1d62, 0x7523
0x1d63, 0x7524
0x1d64, 0x7525
0x1d65, 0x7526
0x1d66, 0x7527
0x1d67, 0x7528
0x1d68, 0x7529
0x1d69, 0x7530
0x1d6a, 0x7531
0x1d6b, 0x7532
0x1d6c, 0x7533
0x1d6d, 0x7534
0x1d6e, 0x7535
0x1d6f, 0x7536
0x1d70, 0x7537
0x1d71, 0x7538
0x1d72, 0x7539
0x1d73, 0x7540
0x1d74, 0x7541
0x1d75, 0x7542
0x1d76, 0x7543
0x1d77, 0x7544
0x1d78, 0x7545
0x1d79, 0x7546
0x1d7a, 0x7547
0x1d7b, 0x7548
0x1d7c, 0x7549
0x1d7d, 0x7550
0x1d7e, 0x7551
0x1d7f, 0x7552
0x1d80, 0x7553
0x1d81, 0x7554
0x1d82, 0x7555
0x1d83, 0x7556
0x1d84, 0x7557
0x1d85, 0x7558
0x1d86, 0x7559
0x1d87, 0x7560
0x1d88, 0x7561
0x1d89, 0x7562
0x1d8a, 0x7563
0x1d8b, 0x7564
0x1d8c, 0x7565
0x1d8d, 0x7566
0x1d8e, 0x7567
0x1d8f, 0x7568
0x1d90, 0x7569
0x1d91, 0x7570
0x1d92, 0x7571
0x1d93, 0x7572
0x1d94, 0x7573
0x1d95, 0x7574
0x1d96, 0x7575
0x1d97, 0x7576
0x1d98, 0x7577
0x1d99, 0x7578
0x1d9a, 0x7579
0x1d9b, 0x7580
0x1d9c, 0x7581
0x1d9d, 0x7582
0x1d9e, 0x7583
0x1d9f, 0x7584
0x1da0, 0x7585
0x1da1, 0x7586
0x1da2, 0x7587
0x1da3, 0x7588
0x1da4, 0x7589
0x1da5, 0x7590
0x1da6, 0x7591
0x1da7, 0x7592
0x1da8, 0x7593
0x1da9, 0x7594
0x1daa, 0x7595
0x1dab, 0x7596
0x1dac, 0x7597
0x1dad, 0x7598
0x1dae, 0x7599
0x1daf, 0x7600
0x1db0, 0x7601
0x1db1, 0x7602
0x1db2, 0x7603
0x1db3, 0x7604
0x1db4, 0x7605
0x1db5, 0x7606
0x1db6, 0x7607
0x1db7, 0x7608
0x1db8, 0x7609
0x1db9, 0x7610
0x1dba, 0x7611
0x1dbb, 0x7612
0x1dbc, 0x7613
0x1dbd, 0x7614
0x1dbe, 0x7615
0x1dbf, 0x7616
0x1dc0, 0x7617
0x1dc1, 0x7618
0x1dc2, 0x7619
0x1dc3, 0x7620
0x1dc4, 0x7621
0x1dc5, 0x7622
0x1dc6, 0x7623
0x1dc7, 0x7624
0x1dc8, 0x7625
0x1dc9, 0x7626
0x1dca, 0x7627
0x1dcb, 0x7628
0x1dcc, 0x7629
0x1dcd, 0x7630
0x1dce, 0x7631
0x1dcf, 0x7632
0x1dd0, 0x7633
0x1dd1, 0x7634
0x1dd2, 0x7635
0x1dd3, 0x7636
0x1dd4, 0x7637
0x1dd5, 0x7638
0x1dd6, 0x7639
0x1dd7, 0x7640
0x1dd8, 0x7641
0x1dd9, 0x7642
0x1dda, 0x7643
0x1ddb, 0x7644
0x1ddc, 0x7645
0x1ddd, 0x7646
0x1dde, 0x7647
0x1ddf, 0x7648
0x1de0, 0x7649
0x1de1, 0x7650
0x1de2, 0x7651
0x1de3, 0x7652
0x1de4, 0x7653
0x1de5, 0x7654
0x1de6, 0x7655
0x1de7, 0x7656
0x1de8, 0x7657
0x1de9, 0x7658
0x1dea, 0x7659
0x1deb, 0x7660
0x1dec, 0x7661
0x1ded, 0x7662
0x1dee, 0x7663
0x1def, 0x7664
0x1df0, 0x7665
0x1df1, 0x7666
0x1df2, 0x7667
0x1df3, 0x7668
0x1df4, 0x7669
0x1df5, 0x7670
0x1df6, 0x7671
0x1df7, 0x7672
0x1df8, 0x7673
0x1df9, 0x7674
0x1dfa, 0x7675
0x1dfb, 0x7676
0x1dfc, 0x7677
0x1dfd, 0x7678
0x1dfe, 0x7679
0x1dff, 0x7680
0x1e00, 0x7681
0x1e01, 0x7682
0x1e02, 0x7683
0x1e03, 0x7684
0x1e04, 0x7685
0x1e05, 0x7686
0x1e06, 0x7687
0x1e07, 0x7688
0x1e08, 0x7689
0x1e09, 0x7690
0x1e0a, 0x7691
0x1e0b, 0x7692
0x1e0c, 0x7693
0x1e0d, 0x7694
0x1e0e, 0x7695
0x1e0f, 0x7696
0x1e10, 0x7697
0x1e11, 0x7698
0x1e12, 0x7699
0x1e13, 0x7700
0x1e14, 0x7701
0x1e15, 0x7702
0x1e16, 0x7703
0x1e17, 0x7704
0x1e18, 0x7705
0x1e19, 0x7706
0x1e1a, 0x7707
0x1e1b, 0x7708
0x1e1c, 0x7709
0x1e1d, 0x7710
0x1e1e, 0x7711
0x1e1f, 0x7712
0x1e20, 0x7713
0x1e21, 0x7714
0x1e22, 0x7715
0x1e23, 0x7716
0x1e24, 0x7717
0x1e25, 0x7718
0x1e26, 0x7719
0x1e27, 0x7720
0x1e28, 0x7721
0x1e29, 0x7722
0x1e2a, 0x7723
0x1e2b, 0x7724
0x1e2c, 0x7725
0x1e2d, 0x7726
0x1e2e, 0x7727
0x1e2f, 0x7728
0x1e30, 0x7729
0x1e31, 0x7730
0x1e32, 0x7731
0x1e33, 0x7732
0x1e34, 0x7733
0x1e35, 0x7734
0x1e36, 0x7735
0x1e37, 0x7736
0x1e38, 0x7737
0x1e39, 0x7738
0x1e3a, 0x7739
0x1e3b, 0x7740
0x1e3c, 0x7741
0x1e3d, 0x7742
0x1e3e, 0x7743
0x1e3f, 0x7744
0x1e40, 0x7745
0x1e41, 0x7746
0x1e42, 0x7747
0x1e43, 0x7748
0x1e44, 0x7749
0x1e45, 0x7750
0x1e46, 0x7751
0x1e47, 0x7752
0x1e48, 0x7753
0x1e49, 0x7754
0x1e4a, 0x7755
0x1e4b, 0x7756
0x1e4c, 0x7757
0x1e4d, 0x7758
0x1e4e, 0x7759
0x1e4f, 0x7760
0x1e50, 0x7761
0x1e51, 0x7762
0x1e52, 0x7763
0x1e53, 0x7764
0x1e54, 0x7765
0x1e55, 0x7766
0x1e56, 0x7767
0x1e57, 0x7768
0x1e58, 0x7769
0x1e59, 0x7770
0x1e5a, 0x7771
0x1e5b, 0x7772
0x1e5c, 0x7773
0x1e5d, 0x7774
0x1e5e, 0x7775
0x1e5f, 0x7776
0x1e60, 0x7777
0x1e61, 0x7778
0x1e62, 0x7779
0x1e63, 0x7780
0x1e64, 0x7781
0x1e65, 0x7782
0x1e66, 0x7783
0x1e67, 0x7784
0x1e68, 0x7785
0x1e69, 0x7786
0x1e6a, 0x7787
0x1e6b, 0x7788
0x1e6c, 0x7789
0x1e6d, 0x7790
0x1e6e, 0x7791
0x1e6f, 0x7792
0x1e70, 0x7793
0x1e71, 0x7794
0x1e72, 0x7795
0x1e73, 0x7796
0x1e74, 0x7797
0x1e75, 0x7798
0x1e76, 0x7799
0x1e77, 0x7800
0x1e78, 0x7801
0x1e79, 0x7802
0x1e7a, 0x7803
0x1e7b, 0x7804
0x1e7c, 0x7805
0x1e7d, 0x7806
0x1e7e, 0x7807
0x1e7f, 0x7808
0x1e80, 0x7809
0x1e81, 0x7810
0x1e82, 0x7811
0x1e83, 0x7812
0x1e84, 0x7813
0x1e85, 0x7814
0x1e86, 0x7815
0x1e87, 0x7816
0x1e88, 0x7817
0x1e89, 0x7818
0x1e8a, 0x7819
0x1e8b, 0x7820
0x1e8c, 0x7821
0x1e8d, 0x7822
0x1e8e, 0x7823
0x1e8f, 0x7824
0x1e90, 0x7825
0x1e91, 0x7826
0x1e92, 0x7827
0x1e93, 0x7828
0x1e94, 0x7829
0x1e95, 0x7830
0x1e96, 0x7831
0x1e97, 0x7832
0x1e98, 0x7833
0x1e99, 0x7834
0x1e9a, 0x7835
0x1e9b, 0x7836
0x1e9c, 0x7837
0x1e9d, 0x7838
0x1e9e, 0x7839
0x1e9f, 0x7840
0x1ea0, 0x7841
0x1ea1, 0x7842
0x1ea2, 0x7843
0x1ea3, 0x7844
0x1ea4, 0x7845
0x1ea5, 0x7846
0x1ea6, 0x7847
0x1ea7, 0x7848
0x1ea8, 0x7849
0x1ea9, 0x7850
0x1eaa, 0x7851
0x1eab, 0x7852
0x1eac, 0x7853
0x1ead, 0x7854
0x1eae, 0x7855
0x1eaf, 0x7856
0x1eb0, 0x7857
0x1eb1, 0x7858
0x1eb2, 0x7859
0x1eb3, 0x7860
0x1eb4, 0x7861
0x1eb5, 0x7862
0x1eb6, 0x7863
0x1eb7, 0x7864
0x1eb8, 0x7865
0x1eb9, 0x7866
0x1eba, 0x7867
0x1ebb, 0x7868
0x1ebc, 0x7869
0x1ebd, 0x7870
0x1ebe, 0x7871
0x1ebf, 0x7872
0x1ec0, 0x7873
0x1ec1, 0x7874
0x1ec2, 0x7875
0x1ec3, 0x7876
0x1ec4, 0x7877
0x1ec5, 0x7878
0x1ec6, 0x7879
0x1ec7, 0x7880
0x1ec8, 0x7881
0x1ec9, 0x7882
0x1eca, 0x7883
0x1ecb, 0x7884
0x1ecc, 0x7885
0x1ecd, 0x7886
0x1ece, 0x7887
0x1ecf, 0x7888
0x1ed0, 0x7889
0x1ed1, 0x7890
0x1ed2, 0x7891
0x1ed3, 0x7892
0x1ed4, 0x7893
0x1ed5, 0x7894
0x1ed6, 0x7895
0x1ed7, 0x7896
0x1ed8, 0x7897
0x1ed9, 0x7898
0x1eda, 0x7899
0x1edb, 0x7900
0x1edc, 0x7901
0x1edd, 0x7902
0x1ede, 0x7903
0x1edf, 0x7904
0x1ee0, 0x7905
0x1ee1, 0x7906
0x1ee2, 0x7907
0x1ee3, 0x7908
0x1ee4, 0x7909
0x1ee5, 0x7910
0x1ee6, 0x7911
0x1ee7, 0x7912
0x1ee8, 0x7913
0x1ee9, 0x7914
0x1eea, 0x7915
0x1eeb, 0x7916
0x1eec, 0x7917
0x1eed, 0x7918
0x1eee, 0x7919
0x1eef, 0x7920
0x1ef0, 0x7921
0x1ef1, 0x7922
0x1ef2, 0x7923
0x1ef3, 0x7924
0x1ef4, 0x7925
0x1ef5, 0x7926
0x1ef6, 0x7927
0x1ef7, 0x7928
0x1ef8, 0x7929
0x1ef9, 0x7930
0x1efa, 0x7931
0x1efb, 0x7932
0x1efc, 0x7933
0x1efd, 0x7934
0x1efe, 0x7935
0x1eff, 0x7936
0x1f00, 0x7937
0x1f01, 0x7938
0x1f02, 0x7939
0x1f03, 0x7940
0x1f04, 0x7941
0x1f05, 0x7942
0x1f06, 0x7943
0x1f07, 0x7944
0x1f08, 0x7945
0x1f09, 0x7946
0x1f0a, 0x7947
0x1f0b, 0x7948
0x1f0c, 0x7949
0x1f0d, 0x7950
0x1f0e, 0x7951
0x1f0f, 0x7952
0x1f10, 0x7953
0x1f11, 0x7954
0x1f12, 0x7955
0x1f13, 0x7956
0x1f14, 0x7957
0x1f15, 0x7958
0x1f16, 0x7959
0x1f17, 0x7960
0x1f18, 0x7961
0x1f19, 0x7962
0x1f1a, 0x7963
0x1f1b, 0x7964
0x1f1c, 0x7965
0x1f1d, 0x7966
0x1f1e, 0x7967
0x1f1f, 0x7968
0x1f20, 0x7969
0x1f21, 0x7970
0x1f22, 0x7971
0x1f23, 0x7972
0x1f24, 0x7973
0x1f25, 0x7974
0x1f26, 0x7975
0x1f27, 0x7976
0x1f28, 0x7977
0x1f29, 0x7978
0x1f2a, 0x7979
0x1f2b, 0x7980
0x1f2c, 0x7981
0x1f2d, 0x7982
0x1f2e, 0x7983
0x1f2f, 0x7984
0x1f30, 0x7985
0x1f31, 0x7986
0x1f32, 0x7987
0x1f33, 0x7988
0x1f34, 0x7989
0x1f35, 0x7990
0x1f36, 0x7991
0x1f37, 0x7992
0x1f38, 0x7993
0x1f39, 0x7994
0x1f3a, 0x7995
0x1f3b, 0x7996
0x1f3c, 0x7997
0x1f3d, 0x7998
0x1f3e, 0x7999
0x1f3f, 0x8000
0x1f40, 0x8001
0x1f41, 0x8002
0x1f42, 0x8003
0x1f43, 0x8004
0x1f44, 0x8005
0x1f45, 0x8006
0x1f46, 0x8007
0x1f47, 0x8008
0x1f48, 0x8009
0x1f49, 0x8010
0x1f4a, 0x8011
0x1f4b, 0x8012
0x1f4c, 0x8013
0x1f4d, 0x8014
0x1f4e, 0x8015
0x1f4f, 0x8016
0x1f50, 0x8017
0x1f51, 0x8018
0x1f52, 0x8019
0x1f53, 0x8020
0x1f54, 0x8021
0x1f55, 0x8022
0x1f56, 0x8023
0x1f57, 0x8024
0x1f58, 0x8025
0x1f59, 0x8026
0x1f5a, 0x8027
0x1f5b, 0x8028
0x1f5c, 0x8029
0x1f5d, 0x8030
0x1f5e, 0x8031
0x1f5f, 0x8032
0x1f60, 0x8033
0x1f61, 0x8034
0x1f62, 0x8035
0x1f63, 0x8036
0x1f64, 0x8037
0x1f65, 0x8038
0x1f66, 0x8039
0x1f67, 0x8040
0x1f68, 0x8041
0x1f69, 0x8042
0x1f6a, 0x8043
0x1f6b, 0x8044
0x1f6c, 0x8045
0x1f6d, 0x8046
0x1f6e, 0x8047
0x1f6f, 0x8048
0x1f70, 0x8049
0x1f71, 0x8050
0x1f72, 0x8051
0x1f73, 0x8052
0x1f74, 0x8053
0x1f75, 0x8054
0x1f76, 0x8055
0x1f77, 0x8056
0x1f78, 0x8057
0x1f79, 0x8058
0x1f7a, 0x8059
0x1f7b, 0x8060
0x1f7c, 0x8061
0x1f7d, 0x8062
0x1f7e, 0x8063
0x1f7f, 0x8064
0x1f80, 0x8065
0x1f81, 0x8066
0x1f82, 0x8067
0x1f83, 0x8068
0x1f84, 0x8069
0x1f85, 0x8070
0x1f86, 0x8071
0x1f87, 0x8072
0x1f88, 0x8073
0x1f89, 0x8074
0x1f8a, 0x8075
0x1f8b, 0x8076
0x1f8c, 0x8077
0x1f8d, 0x8078
0x1f8e, 0x8079
0x1f8f, 0x8080
0x1f90, 0x8081
0x1f91, 0x8082
0x1f92, 0x8083
0x1f93, 0x8084
0x1f94, 0x8085
0x1f95, 0x8086
0x1f96, 0x8087
0x1f97, 0x8088
0x1f98, 0x8089
0x1f99, 0x8090
0x1f9a, 0x8091
0x1f9b, 0x8092
0x1f9c, 0x8093
0x1f9d, 0x8094
0x1f9e, 0x8095
0x1f9f, 0x8096
0x1fa0, 0x8097
0x1fa1, 0x8098
0x1fa2, 0x8099
0x1fa3, 0x8100
0x1fa4, 0x8101
0x1fa5, 0x8102
0x1fa6, 0x8103
0x1fa7, 0x8104
0x1fa8, 0x8105
0x1fa9, 0x8106
0x1faa, 0x8107
0x1fab, 0x8108
0x1fac, 0x8109
0x1fad, 0x8110
0x1fae, 0x8111
0x1faf, 0x8112
0x1fb0, 0x8113
0x1fb1, 0x8114
0x1fb2, 0x8115
0x1fb3, 0x8116
0x1fb4, 0x8117
0x1fb5, 0x8118
0x1fb6, 0x8119
0x1fb7, 0x8120
0x1fb8, 0x8121
0x1fb9, 0x8122
0x1fba, 0x8123
0x1fbb, 0x8124
0x1fbc, 0x8125
0x1fbd, 0x8126
0x1fbe, 0x8127
0x1fbf, 0x8128
0x1fc0, 0x8129
0x1fc1, 0x8130
0x1fc2, 0x8131
0x1fc3, 0x8132
0x1fc4, 0x8133
0x1fc5, 0x8134
0x1fc6, 0x8135
0x1fc7, 0x8136
0x1fc8, 0x8137
0x1fc9, 0x8138
0x1fca, 0x8139
0x1fcb, 0x8140
0x1fcc, 0x8141
0x1fcd, 0x8142
0x1fce, 0x8143
0x1fcf, 0x8144
0x1fd0, 0x8145
0x1fd1, 0x8146
0x1fd2, 0x8147
0x1fd3, 0x8148
0x1fd4, 0x8149
0x1fd5, 0x8150
0x1fd6, 0x8151
0x1fd7, 0x8152
0x1fd8, 0x8153
0x1fd9, 0x8154
0x1fda, 0x8155
0x1fdb, 0x8156
0x1fdc, 0x8157
0x1fdd, 0x8158
0x1fde, 0x8159
0x1fdf, 0x8160
0x1fe0, 0x8161
0x1fe1, 0x8162
0x1fe2, 0x8163
0x1fe3, 0x8164
0x1fe4, 0x8165
0x1fe5, 0x8166
0x1fe6, 0x8167
0x1fe7, 0x8168
0x1fe8, 0x8169
0x1fe9, 0x8170
0x1fea, 0x8171
0x1feb, 0x8172
0x1fec, 0x8173
0x1fed, 0x8174
0x1fee, 0x8175
0x1fef, 0x8176
0x1ff0, 0x8177
0x1ff1, 0x8178
0x1ff2, 0x8179
0x1ff3, 0x8180
0x1ff4, 0x8181
0x1ff5, 0x8182
0x1ff6, 0x8183
0x1ff7, 0x8184
0x1ff8, 0x8185
0x1ff9, 0x8186
0x1ffa, 0x8187
0x1ffb, 0x8188
0x1ffc, 0x8189
0x1ffd, 0x8190
0x1ffe, 0x8191
0x1fff, 0x8192
0x2000, 0x8193
0x2001, 0x8194
0x2002, 0x8195
0x2003, 0x8196
0x2004, 0x8197
0x2005, 0x8198
0x2006, 0x8199
0x2007, 0x8200
0x2008, 0x8201
0x2009, 0x8202
0x200a, 0x8203
0x200b, 0x8204
0x200c, 0x8205
0x200d, 0x8206
0x200e, 0x8207
0x200f, 0x8208
0x2010, 0x8209
0x2011, 0x8210
0x2012, 0x8211
0x2013, 0x8212
0x2014, 0x8213
0x2015, 0x8214
0x2016, 0x8215
0x2017, 0x8216
0x2018, 0x8217
0x2019, 0x8218
0x201a, 0x8219
0x201b, 0x8220
0x201c, 0x8221
0x201d, 0x8222
0x201e, 0x8223
0x201f, 0x8224
0x2020, 0x8225
0x2021, 0x8226
0x2022, 0x8227
0x2023, 0x8228
0x2024, 0x8229
0x2025, 0x8230
0x2026, 0x8231
0x2027, 0x8232
0x2028, 0x8233
0x2029, 0x8234
0x202a, 0x8235
0x202b, 0x8236
0x202c, 0x8237
0x202d, 0x8238
0x202e, 0x8239
0x202f, 0x8240
0x2030, 0x8241
0x2031, 0x8242
0x2032, 0x8243
0x2033, 0x8244
0x2034, 0x8245
0x2035, 0x8246
0x2036, 0x8247
0x2037, 0x8248
0x2038, 0x8249
0x2039, 0x8250
0x203a, 0x8251
0x203b, 0x8252
0x203c, 0x8253
0x203d, 0x8254
0x203e, 0x8255
0x203f, 0x8256
0x2040, 0x8257
0x2041, 0x8258
0x2042, 0x8259
0x2043, 0x8260
0x2044, 0x8261
0x2045, 0x8262
0x2046, 0x8263
0x2047, 0x8264
0x2048, 0x8265
0x2049, 0x8266
0x204a, 0x8267
0x204b, 0x8268
0x204c, 0x8269
0x204d, 0x8270
0x204e, 0x8271
0x204f, 0x8272
0x2050, 0x8273
0x2051, 0x8274
0x2052, 0x8275
0x2053, 0x8276
0x2054, 0x8277
0x2055, 0x8278
0x2056, 0x8279
0x2057, 0x8280
0x2058, 0x8281
0x2059, 0x8282
0x205a, 0x8283
0x205b, 0x8284
0x205c, 0x8285
0x205d, 0x8286
0x205e, 0x8287
0x205f, 0x8288
0x2060, 0x8289
0x2061, 0x8290
0x2062, 0x8291
0x2063, 0x8292
0x2064, 0x8293
0x2065, 0x8294
0x2066, 0x8295
0x2067, 0x8296
0x2068, 0x8297
0x2069, 0x8298
0x206a, 0x8299
0x206b, 0x8300
0x206c, 0x8301
0x206d, 0x8302
0x206e, 0x8303
0x206f, 0x8304
0x2070, 0x8305
0x2071, 0x8306
0x2072, 0x8307
0x2073, 0x8308
0x2074, 0x8309
0x2075, 0x8310
0x2076, 0x8311
0x2077, 0x8312
0x2078, 0x8313
0x2079, 0x8314
0x207a, 0x8315
0x207b, 0x8316
0x207c, 0x8317
0x207d, 0x8318
0x207e, 0x8319
0x207f, 0x8320
0x2080, 0x8321
0x2081, 0x8322
0x2082, 0x8323
0x2083, 0x8324
0x2084, 0x8325
0x2085, 0x8326
0x2086, 0x8327
0x2087, 0x8328
0x2088, 0x8329
0x2089, 0x8330
0x208a, 0x8331
0x208b, 0x8332
0x208c, 0x8333
0x208d, 0x8334
0x208e, 0x8335
0x208f, 0x8336
0x2090, 0x8337
0x2091, 0x8338
0x2092, 0x8339
0x2093, 0x8340
0x2094, 0x8341
0x2095, 0x8342
0x2096, 0x8343
0x2097, 0x8344
0x2098, 0x8345
0x2099, 0x8346
0x209a, 0x8347
0x209b, 0x8348
0x209c, 0x8349
0x209d, 0x8350
0x209e, 0x8351
0x209f, 0x8352
0x20a0, 0x8353
0x20a1, 0x8354
0x20a2, 0x8355
0x20a3, 0x8356
0x20a4, 0x8357
0x20a5, 0x8358
0x20a6, 0x8359
0x20a7, 0x8360
0x20a8, 0x8361
0x20a9, 0x8362
0x20aa, 0x8363
0x20ab, 0x8364
0x20ac, 0x8365
0x20ad, 0x8366
0x20ae, 0x8367
0x20af, 0x8368
0x20b0, 0x8369
0x20b1, 0x8370
0x20b2, 0x8371
0x20b3, 0x8372
0x20b4, 0x8373
0x20b5, 0x8374
0x20b6, 0x8375
0x20b7, 0x8376
0x20b8, 0x8377
0x20b9, 0x8378
0x20ba, 0x8379
0x20bb, 0x8380
0x20bc, 0x8381
0x20bd, 0x8382
0x20be, 0x8383
0x20bf, 0x8384
0x20c0, 0x8385
0x20c1, 0x8386
0x20c2, 0x8387
0x20c3, 0x8388
0x20c4, 0x8389
0x20c5, 0x8390
0x20c6, 0x8391
0x20c7, 0x8392
0x20c8, 0x8393
0x20c9, 0x8394
0x20ca, 0x8395
0x20cb, 0x8396
0x20cc, 0x8397
0x20cd, 0x8398
0x20ce, 0x8399
0x20cf, 0x8400
0x20d0, 0x8401
0x20d1, 0x8402
0x20d2, 0x8403
0x20d3, 0x8404
0x20d4, 0x8405
0x20d5, 0x8406
0x20d6, 0x8407
0x20d7, 0x8408
0x20d8, 0x8409
0x20d9, 0x8410
0x20da, 0x8411
0x20db, 0x8412
0x20dc, 0x8413
0x20dd, 0x8414
0x20de, 0x8415
0x20df, 0x8416
0x20e0, 0x8417
0x20e1, 0x8418
0x20e2, 0x8419
0x20e3, 0x8420
0x20e4, 0x8421
0x20e5, 0x8422
0x20e6, 0x8423
0x20e7, 0x8424
0x20e8, 0x8425
0x20e9, 0x8426
0x20ea, 0x8427
0x20eb, 0x8428
0x20ec, 0x8429
0x20ed, 0x8430
0x20ee, 0x8431
0x20ef, 0x8432
0x20f0, 0x8433
0x20f1, 0x8434
0x20f2, 0x8435
0x20f3, 0x8436
0x20f4, 0x8437
0x20f5, 0x8438
0x20f6, 0x8439
0x20f7, 0x8440
0x20f8, 0x8441
0x20f9, 0x8442
0x20fa, 0x8443
0x20fb, 0x8444
0x20fc, 0x8445
0x20fd, 0x8446
0x20fe, 0x8447
0x20ff, 0x8448
0x2100, 0x8449
0x2101, 0x8450
0x2102, 0x8451
0x2103, 0x8452
0x2104, 0x8453
0x2105, 0x8454
0x2106, 0x8455
0x2107, 0x8456
0x2108, 0x8457
0x2109, 0x8458
0x210a, 0x8459
0x210b, 0x8460
0x210c, 0x8461
0x210d, 0x8462
0x210e, 0x8463
0x210f, 0x8464
0x2110, 0x8465
0x2111, 0x8466
0x2112, 0x8467
0x2113, 0x8468
0x2114, 0x8469
0x2115, 0x8470
0x2116, 0x8471
0x2117, 0x8472
0x2118, 0x8473
0x2119, 0x8474
0x211a, 0x8475
0x211b, 0x8476
0x211c, 0x8477
0x211d, 0x8478
0x211e, 0x8479
0x211f, 0x8480
0x2120, 0x8481
0x2121, 0x8482
0x2122, 0x8483
0x2123, 0x8484
0x2124, 0x8485
0x2125, 0x8486
0x2126, 0x8487
0x2127, 0x8488
0x2128, 0x8489
0x2129, 0x8490
0x212a, 0x8491
0x212b, 0x8492
0x212c, 0x8493
0x212d, 0x8494
0x212e, 0x8495
0x212f, 0x8496
0x2130, 0x8497
0x2131, 0x8498
0x2132, 0x8499
0x2133, 0x8500
0x2134, 0x8501
0x2135, 0x8502
0x2136, 0x8503
0x2137, 0x8504
0x2138, 0x8505
0x2139, 0x8506
0x213a, 0x8507
0x213b, 0x8508
0x213c, 0x8509
0x213d, 0x8510
0x213e, 0x8511
0x213f, 0x8512
0x2140, 0x8513
0x2141, 0x8514
0x2142, 0x8515
0x2143, 0x8516
0x2144, 0x8517
0x2145, 0x8518
0x2146, 0x8519
0x2147, 0x8520
0x2148, 0x8521
0x2149, 0x8522
0x214a, 0x8523
0x214b, 0x8524
0x214c, 0x8525
0x214d, 0x8526
0x214e, 0x8527
0x214f, 0x8528
0x2150, 0x8529
0x2151, 0x8530
0x2152, 0x8531
0x2153, 0x8532
0x2154, 0x8533
0x2155, 0x8534
0x2156, 0x8535
0x2157, 0x8536
0x2158, 0x8537
0x2159, 0x8538
0x215a, 0x8539
0x215b, 0x8540
0x215c, 0x8541
0x215d, 0x8542
0x215e, 0x8543
0x215f, 0x8544
0x2160, 0x8545
0x2161, 0x8546
0x2162, 0x8547
0x2163, 0x8548
0x2164, 0x8549
0x2165, 0x8550
0x2166, 0x8551
0x2167, 0x8552
0x2168, 0x8553
0x2169, 0x8554
0x216a, 0x8555
0x216b, 0x8556
0x216c, 0x8557
0x216d, 0x8558
0x216e, 0x8559
0x216f, 0x8560
0x2170, 0x8561
0x2171, 0x8562
0x2172, 0x8563
0x2173, 0x8564
0x2174, 0x8565
0x2175, 0x8566
0x2176, 0x8567
0x2177, 0x8568
0x2178, 0x8569
0x2179, 0x8570
0x217a, 0x8571
0x217b, 0x8572
0x217c, 0x8573
0x217d, 0x8574
0x217e, 0x8575
0x217f, 0x8576
0x2180, 0x8577
0x2181, 0x8578
0x2182, 0x8579
0x2183, 0x8580
0x2184, 0x8581
0x2185, 0x8582
0x2186, 0x8583
0x2187, 0x8584
0x2188, 0x8585
0x2189, 0x8586
0x218a, 0x8587
0x218b, 0x8588
0x218c, 0x8589
0x218d, 0x8590
0x218e, 0x8591
0x218f, 0x8592
0x2190, 0x8593
0x2191, 0x8594
0x2192, 0x8595
0x2193, 0x8596
0x2194, 0x8597
0x2195, 0x8598
0x2196, 0x8599
0x2197, 0x8600
0x2198, 0x8601
0x2199, 0x8602
0x219a, 0x8603
0x219b, 0x8604
0x219c, 0x8605
0x219d, 0x8606
0x219e, 0x8607
0x219f, 0x8608
0x21a0, 0x8609
0x21a1, 0x8610
0x21a2, 0x8611
0x21a3, 0x8612
0x21a4, 0x8613
0x21a5, 0x8614
0x21a6, 0x8615
0x21a7, 0x8616
0x21a8, 0x8617
0x21a9, 0x8618
0x21aa, 0x8619
0x21ab, 0x8620
0x21ac, 0x8621
0x21ad, 0x8622
0x21ae, 0x8623
0x21af, 0x8624
0x21b0, 0x8625
0x21b1, 0x8626
0x21b2, 0x8627
0x21b3, 0x8628
0x21b4, 0x8629
0x21b5, 0x8630
0x21b6, 0x8631
0x21b7, 0x8632
0x21b8, 0x8633
0x21b9, 0x8634
0x21ba, 0x8635
0x21bb, 0x8636
0x21bc, 0x8637
0x21bd, 0x8638
0x21be, 0x8639
0x21bf, 0x8640
0x21c0, 0x8641
0x21c1, 0x8642
0x21c2, 0x8643
0x21c3, 0x8644
0x21c4, 0x8645
0x21c5, 0x8646
0x21c6, 0x8647
0x21c7, 0x8648
0x21c8, 0x8649
0x21c9, 0x8650
0x21ca, 0x8651
0x21cb, 0x8652
0x21cc, 0x8653
0x21cd, 0x8654
0x21ce, 0x8655
0x21cf, 0x8656
0x21d0, 0x8657
0x21d1, 0x8658
0x21d2, 0x8659
0x21d3, 0x8660
0x21d4, 0x8661
0x21d5, 0x8662
0x21d6, 0x8663
0x21d7, 0x8664
0x21d8, 0x8665
0x21d9, 0x8666
0x21da, 0x8667
0x21db, 0x8668
0x21dc, 0x8669
0x21dd, 0x8670
0x21de, 0x8671
0x21df, 0x8672
0x21e0, 0x8673
0x21e1, 0x8674
0x21e2, 0x8675
0x21e3, 0x8676
0x21e4, 0x8677
0x21e5, 0x8678
0x21e6, 0x8679
0x21e7, 0x8680
0x21e8, 0x8681
0x21e9, 0x8682
0x21ea, 0x8683
0x21eb, 0x8684
0x21ec, 0x8685
0x21ed, 0x8686
0x21ee, 0x8687
0x21ef, 0x8688
0x21f0, 0x8689
0x21f1, 0x8690
0x21f2, 0x8691
0x21f3, 0x8692
0x21f4, 0x8693
0x21f5, 0x8694
0x21f6, 0x8695
0x21f7, 0x8696
0x21f8, 0x8697
0x21f9, 0x8698
0x21fa, 0x8699
0x21fb, 0x8700
0x21fc, 0x8701
0x21fd, 0x8702
0x21fe, 0x8703
0x21ff, 0x8704
0x2200, 0x8705
0x2201, 0x8706
0x2202, 0x8707
0x2203, 0x8708
0x2204, 0x8709
0x2205, 0x8710
0x2206, 0x8711
0x2207, 0x8712
0x2208, 0x8713
0x2209, 0x8714
0x220a, 0x8715
0x220b, 0x8716
0x220c, 0x8717
0x220d, 0x8718
0x220e, 0x8719
0x220f, 0x8720
0x2210, 0x8721
0x2211, 0x8722
0x2212, 0x8723
0x2213, 0x8724
0x2214, 0x8725
0x2215, 0x8726
0x2216, 0x8727
0x2217, 0x8728
0x2218, 0x8729
0x2219, 0x8730
0x221a, 0x8731
0x221b, 0x8732
0x221c, 0x8733
0x221d, 0x8734
0x221e, 0x8735
0x221f, 0x8736
0x2220, 0x8737
0x2221, 0x8738
0x2222, 0x8739
0x2223, 0x8740
0x2224, 0x8741
0x2225, 0x8742
0x2226, 0x8743
0x2227, 0x8744
0x2228, 0x8745
0x2229, 0x8746
0x222a, 0x8747
0x222b, 0x8748
0x222c, 0x8749
0x222d, 0x8750
0x222e, 0x8751
0x222f, 0x8752
0x2230, 0x8753
0x2231, 0x8754
0x2232, 0x8755
0x2233, 0x8756
0x2234, 0x8757
0x2235, 0x8758
0x2236, 0x8759
0x2237, 0x8760
0x2238, 0x8761
0x2239, 0x8762
0x223a, 0x8763
0x223b, 0x8764
0x223c, 0x8765
0x223d, 0x8766
0x223e, 0x8767
0x223f, 0x8768
0x2240, 0x8769
0x2241, 0x8770
0x2242, 0x8771
0x2243, 0x8772
0x2244, 0x8773
0x2245, 0x8774
0x2246, 0x8775
0x2247, 0x8776
0x2248, 0x8777
0x2249, 0x8778
0x224a, 0x8779
0x224b, 0x8780
0x224c, 0x8781
0x224d, 0x8782
0x224e, 0x8783
0x224f, 0x8784
0x2250, 0x8785
0x2251, 0x8786
0x2252, 0x8787
0x2253, 0x8788
0x2254, 0x8789
0x2255, 0x8790
0x2256, 0x8791
0x2257, 0x8792
0x2258, 0x8793
0x2259, 0x8794
0x225a, 0x8795
0x225b, 0x8796
0x225c, 0x8797
0x225d, 0x8798
0x225e, 0x8799
0x225f, 0x8800
0x2260, 0x8801
0x2261, 0x8802
0x2262, 0x8803
0x2263, 0x8804
0x2264, 0x8805
0x2265, 0x8806
0x2266, 0x8807
0x2267, 0x8808
0x2268, 0x8809
0x2269, 0x8810
0x226a, 0x8811
0x226b, 0x8812
0x226c, 0x8813
0x226d, 0x8814
0x226e, 0x8815
0x226f, 0x8816
0x2270, 0x8817
0x2271, 0x8818
0x2272, 0x8819
0x2273, 0x8820
0x2274, 0x8821
0x2275, 0x8822
0x2276, 0x8823
0x2277, 0x8824
0x2278, 0x8825
0x2279, 0x8826
0x227a, 0x8827
0x227b, 0x8828
0x227c, 0x8829
0x227d, 0x8830
0x227e, 0x8831
0x227f, 0x8832
0x2280, 0x8833
0x2281, 0x8834
0x2282, 0x8835
0x2283, 0x8836
0x2284, 0x8837
0x2285, 0x8838
0x2286, 0x8839
0x2287, 0x8840
0x2288, 0x8841
0x2289, 0x8842
0x228a, 0x8843
0x228b, 0x8844
0x228c, 0x8845
0x228d, 0x8846
0x228e, 0x8847
0x228f, 0x8848
0x2290, 0x8849
0x2291, 0x8850
0x2292, 0x8851
0x2293, 0x8852
0x2294, 0x8853
0x2295, 0x8854
0x2296, 0x8855
0x2297, 0x8856
0x2298, 0x8857
0x2299, 0x8858
0x229a, 0x8859
0x229b, 0x8860
0x229c, 0x8861
0x229d, 0x8862
0x229e, 0x8863
0x229f, 0x8864
0x22a0, 0x8865
0x22a1, 0x8866
0x22a2, 0x8867
0x22a3, 0x8868
0x22a4, 0x8869
0x22a5, 0x8870
0x22a6, 0x8871
0x22a7, 0x8872
0x22a8, 0x8873
0x22a9, 0x8874
0x22aa, 0x8875
0x22ab, 0x8876
0x22ac, 0x8877
0x22ad, 0x8878
0x22ae, 0x8879
0x22af, 0x8880
0x22b0, 0x8881
0x22b1, 0x8882
0x22b2, 0x8883
0x22b3, 0x8884
0x22b4, 0x8885
0x22b5, 0x8886
0x22b6, 0x8887
0x22b7, 0x8888
0x22b8, 0x8889
0x22b9, 0x8890
0x22ba, 0x8891
0x22bb, 0x8892
0x22bc, 0x8893
0x22bd, 0x8894
0x22be, 0x8895
0x22bf, 0x8896
0x22c0, 0x8897
0x22c1, 0x8898
0x22c2, 0x8899
0x22c3, 0x8900
0x22c4, 0x8901
0x22c5, 0x8902
0x22c6, 0x8903
0x22c7, 0x8904
0x22c8, 0x8905
0x22c9, 0x8906
0x22ca, 0x8907
0x22cb, 0x8908
0x22cc, 0x8909
0x22cd, 0x8910
0x22ce, 0x8911
0x22cf, 0x8912
0x22d0, 0x8913
0x22d1, 0x8914
0x22d2, 0x8915
0x22d3, 0x8916
0x22d4, 0x8917
0x22d5, 0x8918
0x22d6, 0x8919
0x22d7, 0x8920
0x22d8, 0x8921
0x22d9, 0x8922
0x22da, 0x8923
0x22db, 0x8924
0x22dc, 0x8925
0x22dd, 0x8926
0x22de, 0x8927
0x22df, 0x8928
0x22e0, 0x8929
0x22e1, 0x8930
0x22e2, 0x8931
0x22e3, 0x8932
0x22e4, 0x8933
0x22e5, 0x8934
0x22e6, 0x8935
0x22e7, 0x8936
0x22e8, 0x8937
0x22e9, 0x8938
0x22ea, 0x8939
0x22eb, 0x8940
0x22ec, 0x8941
0x22ed, 0x8942
0x22ee, 0x8943
0x22ef, 0x8944
0x22f0, 0x8945
0x22f1, 0x8946
0x22f2, 0x8947
0x22f3, 0x8948
0x22f4, 0x8949
0x22f5, 0x8950
0x22f6, 0x8951
0x22f7, 0x8952
0x22f8, 0x8953
0x22f9, 0x8954
0x22fa, 0x8955
0x22fb, 0x8956
0x22fc, 0x8957
0x22fd, 0x8958
0x22fe, 0x8959
0x22ff, 0x8960
0x2300, 0x8961
0x2301, 0x8962
0x2302, 0x8963
0x2303, 0x8964
0x2304, 0x8965
0x2305, 0x8966
0x2306, 0x8967
0x2307, 0x8968
0x2308, 0x8969
0x2309, 0x8970
0x230a, 0x8971
0x230b, 0x8972
0x230c, 0x8973
0x230d, 0x8974
0x230e, 0x8975
0x230f, 0x8976
0x2310, 0x8977
0x2311, 0x8978
0x2312, 0x8979
0x2313, 0x8980
0x2314, 0x8981
0x2315, 0x8982
0x2316, 0x8983
0x2317, 0x8984
0x2318, 0x8985
0x2319, 0x8986
0x231a, 0x8987
0x231b, 0x8988
0x231c, 0x8989
0x231d, 0x8990
0x231e, 0x8991
0x231f, 0x8992
0x2320, 0x8993
0x2321, 0x8994
0x2322, 0x8995
0x2323, 0x8996
0x2324, 0x8997
0x2325, 0x8998
0x2326, 0x8999
0x2327, 0x9000
0x2328, 0x9001
0x2329, 0x9002
0x232a, 0x9003
0x232b, 0x9004
0x232c, 0x9005
0x232d, 0x9006
0x232e, 0x9007
0x232f, 0x9008
0x2330, 0x9009
0x2331, 0x9010
0x2332, 0x9011
0x2333, 0x9012
0x2334, 0x9013
0x2335, 0x9014
0x2336, 0x9015
0x2337, 0x9016
0x2338, 0x9017
0x2339, 0x9018
0x233a, 0x9019
0x233b, 0x9020
0x233c, 0x9021
0x233d, 0x9022
0x233e, 0x9023
0x233f, 0x9024
0x2340, 0x9025
0x2341, 0x9026
0x2342, 0x9027
0x2343, 0x9028
0x2344, 0x9029
0x2345, 0x9030
0x2346, 0x9031
0x2347, 0x9032
0x2348, 0x9033
0x2349, 0x9034
0x234a, 0x9035
0x234b, 0x9036
0x234c, 0x9037
0x234d, 0x9038
0x234e, 0x9039
0x234f, 0x9040
0x2350, 0x9041
0x2351, 0x9042
0x2352, 0x9043
0x2353, 0x9044
0x2354, 0x9045
0x2355, 0x9046
0x2356, 0x9047
0x2357, 0x9048
0x2358, 0x9049
0x2359, 0x9050
0x235a, 0x9051
0x235b, 0x9052
0x235c, 0x9053
0x235d, 0x9054
0x235e, 0x9055
0x235f, 0x9056
0x2360, 0x9057
0x2361, 0x9058
0x2362, 0x9059
0x2363, 0x9060
0x2364, 0x9061
0x2365, 0x9062
0x2366, 0x9063
0x2367, 0x9064
0x2368, 0x9065
0x2369, 0x9066
0x236a, 0x9067
0x236b, 0x9068
0x236c, 0x9069
0x236d, 0x9070
0x236e, 0x9071
0x236f, 0x9072
0x2370, 0x9073
0x2371, 0x9074
0x2372, 0x9075
0x2373, 0x9076
0x2374, 0x9077
0x2375, 0x9078
0x2376, 0x9079
0x2377, 0x9080
0x2378, 0x9081
0x2379, 0x9082
0x237a, 0x9083
0x237b, 0x9084
0x237c, 0x9085
0x237d, 0x9086
0x237e, 0x9087
0x237f, 0x9088
0x2380, 0x9089
0x2381, 0x9090
0x2382, 0x9091
0x2383, 0x9092
0x2384, 0x9093
0x2385, 0x9094
0x2386, 0x9095
0x2387, 0x9096
0x2388, 0x9097
0x2389, 0x9098
0x238a, 0x9099
0x238b, 0x9100
0x238c, 0x9101
0x238d, 0x9102
0x238e, 0x9103
0x238f, 0x9104
0x2390, 0x9105
0x2391, 0x9106
0x2392, 0x9107
0x2393, 0x9108
0x2394, 0x9109
0x2395, 0x9110
0x2396, 0x9111
0x2397, 0x9112
0x2398, 0x9113
0x2399, 0x9114
0x239a, 0x9115
0x239b, 0x9116
0x239c, 0x9117
0x239d, 0x9118
0x239e, 0x9119
0x239f, 0x9120
0x23a0, 0x9121
0x23a1, 0x9122
0x23a2, 0x9123
0x23a3, 0x9124
0x23a4, 0x9125
0x23a5, 0x9126
0x23a6, 0x9127
0x23a7, 0x9128
0x23a8, 0x9129
0x23a9, 0x9130
0x23aa, 0x9131
0x23ab, 0x9132
0x23ac, 0x9133
0x23ad, 0x9134
0x23ae, 0x9135
0x23af, 0x9136
0x23b0, 0x9137
0x23b1, 0x9138
0x23b2, 0x9139
0x23b3, 0x9140
0x23b4, 0x9141
0x23b5, 0x9142
0x23b6, 0x9143
0x23b7, 0x9144
0x23b8, 0x9145
0x23b9, 0x9146
0x23ba, 0x9147
0x23bb, 0x9148
0x23bc, 0x9149
0x23bd, 0x9150
0x23be, 0x9151
0x23bf, 0x9152
0x23c0, 0x9153
0x23c1, 0x9154
0x23c2, 0x9155
0x23c3, 0x9156
0x23c4, 0x9157
0x23c5, 0x9158
0x23c6, 0x9159
0x23c7, 0x9160
0x23c8, 0x9161
0x23c9, 0x9162
0x23ca, 0x9163
0x23cb, 0x9164
0x23cc, 0x9165
0x23cd, 0x9166
0x23ce, 0x9167
0x23cf, 0x9168
0x23d0, 0x9169
0x23d1, 0x9170
0x23d2, 0x9171
0x23d3, 0x9172
0x23d4, 0x9173
0x23d5, 0x9174
0x23d6, 0x9175
0x23d7, 0x9176
0x23d8, 0x9177
0x23d9, 0x9178
0x23da, 0x9179
0x23db, 0x9180
0x23dc, 0x9181
0x23dd, 0x9182
0x23de, 0x9183
0x23df, 0x9184
0x23e0, 0x9185
0x23e1, 0x9186
0x23e2, 0x9187
0x23e3, 0x9188
0x23e4, 0x9189
0x23e5, 0x9190
0x23e6, 0x9191
0x23e7, 0x9192
0x23e8, 0x9193
0x23e9, 0x9194
0x23ea, 0x9195
0x23eb, 0x9196
0x23ec, 0x9197
0x23ed, 0x9198
0x23ee, 0x9199
0x23ef, 0x9200
0x23f0, 0x9201
0x23f1, 0x9202
0x23f2, 0x9203
0x23f3, 0x9204
0x23f4, 0x9205
0x23f5, 0x9206
0x23f6, 0x9207
0x23f7, 0x9208
0x23f8, 0x9209
0x23f9, 0x9210
